需求编号,需求描述,Unnamed: 2,Unnamed: 3,Unnamed: 4,对应功能项,Unnamed: 6,Unnamed: 7,Unnamed: 8,测试用例编号,测试用例名称,预置条件,操作步骤,预期输出,重要级别,测试类型,适用阶段,测试结果,最近执行人,备注
1            ,管理系统,系统租户管理,创建租户、注销租户,在系统中创建和注销企业/个人租户,系统管理,用户管理,用户录入,,TC_1_1_1,在用户录入界面，“用户账号”输入长度范围内的合法字符，其他参数填写正确，点击提交，录入用户成功,1.服务端可以正常登陆,"1.进入 系统管理-用户管理 页面
2.点击 用户录入
3.“用户账号”输入长度范围内的合法字符，其他参数填写正确，点击提交",3.录入用户成功,1.0,功能测试,系统测试阶段,通过,胡明明,
1            ,管理系统,系统租户管理,创建租户、注销租户,在系统中创建和注销企业/个人租户,系统管理,用户管理,用户录入,,TC_1_1_2,在用户录入界面，“用户名称”输入长度范围内的合法字符，其他参数填写正确，点击提交，录入用户成功,1.服务端可以正常登陆,"1.进入 系统管理-用户管理 页面
2.点击 用户录入
3.“用户名称”输入长度范围内的合法字符，其他参数填写正确，点击提交",3.录入用户成功,1.0,功能测试,系统测试阶段,通过,胡明明,
1            ,管理系统,系统租户管理,创建租户、注销租户,在系统中创建和注销企业/个人租户,系统管理,用户管理,用户录入,,TC_1_1_3,在用户录入界面，“密码”输入长度范围内的合法字符，其他参数填写正确，点击提交，录入用户成功,"1.服务端可以正常登陆
","1.进入 系统管理-用户管理 页面
2.点击 用户录入
3.“密码”输入长度范围内的合法字符，其他参数填写正确，点击提交",3.录入用户成功,1.0,功能测试,系统测试阶段,通过,胡明明,
1            ,管理系统,系统租户管理,创建租户、注销租户,在系统中创建和注销企业/个人租户,系统管理,用户管理,用户删除,,TC_1_2_1,在用户管理页面，选中未登录的用户C，点击删除，用户删除成功,"1.服务端可以正常登陆
2.辅助机上使用已存在的用户A登录
3.存在未登录的用户C","1.辅助机PC1进入 系统管理-用户管理 页面
2.选中用户C的记录，点击“删除”",2.用户删除成功,1.0,功能测试,系统测试阶段,通过,胡明明,
2            ,管理系统,系统租户管理,编辑租户配置信息，对系统中企业/个人租户的配置信息进行修改,租户设备授权激活配置,系统管理,授权管理,导入授权,,TC_2_1_1,进入系统管理-授权管理页面，在“授权码”框输入合法授权码（运维系统类型为单用户），点击 导入授权 成功,"1.服务端可以正常登陆
2.申请运维系统类型为单用户的授权码","1.进入系统管理-授权管理页面
2.在“授权码”框输入合法授权码（运维系统类型为单用户）
3.查看授权信息“运维系统类型”显示","2.点击 导入授权 成功
3.授权信息“运维系统类型”显示为单用户",2.0,功能测试,系统测试阶段,通过,胡明明,
2            ,管理系统,系统租户管理,编辑租户配置信息，对系统中企业/个人租户的配置信息进行修改,租户设备授权激活配置,系统管理,授权管理,导入授权,,TC_2_1_2,进入系统管理-授权管理页面，在“授权码”框输入合法授权码（运维系统类型为多用户），点击 导入授权 成功,"1.服务端可以正常登陆
2.申请运维系统类型为多用户的授权码","1.进入系统管理-授权管理页面
2.在“授权码”框输入合法授权码（运维系统类型为多用户）
3.查看授权信息“运维系统类型”显示","2.点击 导入授权 成功
3.授权信息“运维系统类型”显示为多用户",2.0,功能测试,系统测试阶段,通过,胡明明,
3,管理系统,系统租户管理,编辑租户配置信息，对系统中企业/个人租户的配置信息进行修改,租户登陆权限配置,系统管理,用户管理,用户录入,权限配置,TC_3_1_1,在用户录入界面，“权限配置”不选择任意权限，其他参数填写正确，点击提交，会有错误提示,"1.服务端可以正常登陆
2.适用xtadmin用户登录","1.进入 系统管理-用户管理 页面
2.点击 用户录入
3.“权限配置”不选择任何权限，其他参数填写正确，点击提交",3.会有错误提示“用户角色不能为空”,2.0,功能测试,系统测试阶段,通过,胡明明,
3,管理系统,系统租户管理,编辑租户配置信息，对系统中企业/个人租户的配置信息进行修改,租户登陆权限配置,系统管理,用户管理,用户录入,权限配置,TC_3_1_2,在用户录入界面，“权限配置”选择任意一个权限，其他参数填写正确，点击提交，可以提交成功,"1.服务端可以正常登陆
2.适用xtadmin用户登录","1.进入 系统管理-用户管理 页面
2.点击 用户录入
3.“权限配置”选择任意一个权限，其他参数填写正确，点击提交",3.可以提交成功,1.0,功能测试,系统测试阶段,通过,胡明明,
3,管理系统,系统租户管理,编辑租户配置信息，对系统中企业/个人租户的配置信息进行修改,租户登陆权限配置,系统管理,用户管理,用户录入,权限配置,TC_3_1_3,在用户录入界面，“权限配置”选择任意多个权限，其他参数填写正确，点击提交，可以提交成功,"1.服务端可以正常登陆
2.适用xtadmin用户登录","1.进入 系统管理-用户管理 页面
2.点击 用户录入
3.“权限配置”选择任意多个权限，其他参数填写正确，点击提交",3.可以提交成功,2.0,功能测试,系统测试阶段,通过,胡明明,
4,管理系统,系统租户管理,编辑租户配置信息，对系统中企业/个人租户的配置信息进行修改,OSAgent配置管理,Agent管理,Agent管理,客户端上架,,TC_4_1_1,服务器更新同版本agent成功，不更新,"1.客户端已安装agent
2.服务端与客户端网络通信正常","1.登录到服务端界面
2.点击系统管理-客户端管理
3.选择要更新的软件包，点击远程安装",3.提示与客户端版本一致,2.0,功能测试,系统测试阶段,失败,胡明明,客户端上传成功后，不显示对应软件。
4,管理系统,系统租户管理,编辑租户配置信息，对系统中企业/个人租户的配置信息进行修改,OSAgent配置管理,Agent管理,Agent管理,客户端上架,,TC_4_1_2,在软件仓库页面，点击软件上架，“操作系统”选择uos，其他参数填写正确，提交成功,1.服务端可以正常登陆,"1.登陆服务端界面
2.点击软件管理-软件仓库-软件上架
3.参数“操作系统”选择uos
4.查看参数“操作系统”是否联动显示
5.其他参数填写正确，点击提交","4.参数“处理器”联动，显示飞腾、龙芯和鲲鹏
5.客户端上架成功",1.0,功能测试,系统测试阶段,失败,胡明明,客户端上传成功后，不显示对应软件。
4,管理系统,系统租户管理,编辑租户配置信息，对系统中企业/个人租户的配置信息进行修改,OSAgent配置管理,Agent管理,Agent管理,客户端上架,,TC_4_1_3,在软件仓库页面，点击软件上架，在上传软件安装包框，点击“选择文件”，选择的deb格式的文件，其他参数填写正确，提交成功,"1.服务端可以正常登陆
2.存在软件安装包，格式为deb","1.登陆服务端界面
2.点击 软件管理-软件仓库-软件上架
3.在上传软件安装包框，点击“选择文件”，选择的deb格式的文件，并上传
4.其他参数填写正确，提交成功","3.上传软件安装包成功
4.客户端上架成功",1.0,功能测试,系统测试阶段,失败,胡明明,客户端上传成功后，不显示对应软件。
5,管理系统,系统租户管理,编辑租户配置信息，对系统中企业/个人租户的配置信息进行修改,显示租户配置信息,系统管理,用户管理,,,TC_5_1_1,在用户录入界面，最大可以创建N个用户，在创建N+1个用户会有错误提示信息,"1.服务端可以正常登陆
2.已创建N个用户（N为规格允许的最大值）","1.进入 系统管理-用户管理 页面
2.点击 用户录入
3.在创建N+1个用户会有错误提示信息",3.会有错误提示信息，类似“已到达最大用户数，请先删除1个再创建！”,2.0,功能测试,系统测试阶段,通过,,
5,管理系统,系统租户管理,编辑租户配置信息，对系统中企业/个人租户的配置信息进行修改,显示租户配置信息,系统管理,用户管理,,,TC_5_1_2,在用户录入界面，录入用户成功有操作日志记录,1.服务端可以正常登陆,"1.进入 系统管理-用户管理 页面
2.点击 用户录入
3.录入用户成功，查看是否有操作日志记录",3.录入用户成功有操作日志记录,1.0,功能测试,系统测试阶段,通过,,
6,管理系统,系统租户管理,租户软件商店配置,2.软件商店内上架的第三方软件带有版本属性｜关联租户名称属性｜关联租户下载的OSAgent属性,软件管理,软件仓库,软件上架,,TC_6_1_1,在软件仓库页面，点击软件上架，点击添加名称，“软件名称”输入任意字符（中文、数字、字母、特殊字符等），点击确定添加成功,1.服务端可以正常登陆,"1.登陆服务端界面
2.点击软件管理-软件仓库-软件上架
3.点击添加名称
4.名称填写任意字符（中文、数字、字母、特殊字符等），点击确定",4.软件名称添加成功,1.0,功能测试,系统测试阶段,通过,,
6,管理系统,系统租户管理,租户软件商店配置,2.软件商店内上架的第三方软件带有版本属性｜关联租户名称属性｜关联租户下载的OSAgent属性,软件管理,软件仓库,软件上架,,TC_6_1_2,在软件仓库页面，点击软件上架，“版本”输入任意（字母大小写、数字、横杠、下划线和点），其他参数填写正确，提交成功,1.服务端可以正常登陆,"1.登陆服务端界面
2.点击软件管理-软件仓库-软件上架
3.在版本栏里输入任意（字母大小写、数字、横杠、下划线和点），其他参数填写正确，点击提交",3.软件添加成功,1.0,功能测试,系统测试阶段,通过,,
6,管理系统,系统租户管理,租户软件商店配置,2.软件商店内上架的第三方软件带有版本属性｜关联租户名称属性｜关联租户下载的OSAgent属性,软件管理,软件仓库,查询,,TC_6_2_1,在软件仓库页面，所有查询条件均不输入，点击查询，可以查询到所有记录,1.服务端可以正常登陆,"1.登陆服务端界面
2.点击软件管理-软件仓库
3.在查询栏不输入任何信息，点击查询",3.可以查询到所有已上传的软件信息,2.0,功能测试,系统测试阶段,通过,,
6,管理系统,系统租户管理,租户软件商店配置,2.软件商店内上架的第三方软件带有版本属性｜关联租户名称属性｜关联租户下载的OSAgent属性,软件管理,软件仓库,查询,,TC_6_2_4,在软件仓库页面，“软件名称”输入为中文，点击查询进行模糊查询，查询结果匹配所有包括该中文的记录,1.服务端可以正常登陆,"1.登陆服务端界面
2.点击软件管理-软件仓库
3.在查询栏-“软件名称”处输入中文进行模糊查询",3.可以显示所有包含此中文的软件信息，且不包含此中文的软件不能被显示,2.0,功能测试,系统测试阶段,通过,,
7,管理系统,系统租户管理,租户软件商店配置,推送导出：点击软件相应版本有【系统推送】/【导出】的功能。可以让租户在线或离线的升级软件,软件管理,软件仓库,远程安装,,TC_7_1_1,在远程安装界面，勾选任意设备（状态在线），点击远程安装，会有进度显示，安装完成会有操作成功的日志,1.服务端可以正常登陆,"1.登陆服务端界面
2.点击软件管理-软件仓库
3.勾选任意一条软件记录，点击远程安装
4.勾选任意一台设备（状态在线），点击远程安装",4.安装过程会有进度显示，安装完成会有操作成功的日志,1.0,功能测试,系统测试阶段,通过,,
7,管理系统,系统租户管理,租户软件商店配置,推送导出：点击软件相应版本有【系统推送】/【导出】的功能。可以让租户在线或离线的升级软件,软件管理,软件仓库,远程安装,,TC_7_1_2,全部软件，服务端可以下发给指定客户端并行进行安装,"1.服务端可以正常登陆
2.客户端与服务端通信正常","1.登陆服务端界面
2.点击软件管理-软件仓库
3.勾选任意全部同系统软件记录，点击远程安装
4.勾选指定同系统设备（状态在线），点击远程安装",4.用户安装成功，且上传“安装成功”日志,2.0,功能测试,系统测试阶段,通过,,
8,管理系统,系统租户管理,租户软件商店配置,软件上架：第三方软件上架并配置给指定租户,软件管理,软件仓库,软件上架,,TC_8_1_1,在软件仓库页面，点击软件上架，“软件分类”选择办公软件，其他参数填写正确，提交成功,1.服务端可以正常登陆,"1.登陆服务端界面
2.点击软件管理-软件仓库-软件上架
3.软件分类选择办公软件，其他参数正常填写，点击提交",3.软件添加成功,1.0,功能测试,系统测试阶段,通过,,
8,管理系统,系统租户管理,租户软件商店配置,软件上架：第三方软件上架并配置给指定租户,软件管理,软件仓库,软件上架,,TC_8_1_2,在软件仓库页面，点击软件上架，“软件分类”选择安全软件，其他参数填写正确，提交成功,1.服务端可以正常登陆,"1.登陆服务端界面
2.点击软件管理-软件仓库-软件上架
3.软件分类选择安全软件，其他参数正常填写，点击提交",3.软件添加成功,2.0,功能测试,系统测试阶段,通过,,
8,管理系统,系统租户管理,租户软件商店配置,软件上架：第三方软件上架并配置给指定租户,软件管理,软件仓库,软件上架,,TC_8_1_3,在软件仓库页面，点击软件上架，“软件分类”选择聊天工具，其他参数填写正确，提交成功,1.服务端可以正常登陆,"1.登陆服务端界面
2.点击软件管理-软件仓库-软件上架
3.软件分类选择聊天工具，其他参数正常填写，点击提交",3.软件添加成功,2.0,功能测试,系统测试阶段,通过,,
9,管理系统,系统租户管理,租户软件商店配置,软件下架：第三方软件同指定租户解绑,软件管理,软件仓库,远程卸载,,TC_9_1_1,在远程卸载界面，勾选任意设备（状态在线），点击远程卸载，会有进度显示，卸载完成会有操作成功的日志,"1.服务端可以正常登陆
2.客户端存在要卸载的软件","1.登陆服务端界面
2.点击软件管理-软件仓库
3.勾选要卸载软件记录，点击远程卸载
4.勾选存在此软件的设备（状态在线），点击远程卸载",4.卸载过程会有进度显示，卸载完成会有操作成功的日志,1.0,功能测试,系统测试阶段,通过,,
9,管理系统,系统租户管理,租户软件商店配置,软件下架：第三方软件同指定租户解绑,软件管理,软件仓库,远程卸载,,TC_9_1_2,全部软件，服务端可以下发给指定客户端并行进行卸载,"1.服务端可以正常登陆
2.客户端与服务端通信正常","1.登陆服务端界面
2.点击软件管理-软件仓库
3.勾选任意全部同系统软件记录，点击远程卸载
4.勾选指定同系统设备（状态在线），点击部署",4.用户卸载成功，且上传“安装成功”日志,2.0,功能测试,系统测试阶段,通过,,
10,管理系统,系统租户管理,租户安全管控策略管理,创建安全管控策略,软件管理,守护策略,创建策略,,TC_10_1_1,打开创建策略界面，“软件名称”选择任意枚举值，其他参数填写正确，点击提交添加成功，策略配置信息显示正确。,1.服务端可以正常登陆,"1.登陆服务端界面
2.点击软件管理-守护策略-创建策略
3.“软件名称”选择任意枚举值，其他参数填写正确，点击提交（遍历所有已存在软件）",3.策略配置信息显示正确。,1.0,功能测试,系统测试阶段,通过,,
10,管理系统,系统租户管理,租户安全管控策略管理,创建安全管控策略,软件管理,守护策略,创建策略,,TC_10_1_2,打开创建策略界面，“防止删除”设置为ON，点击+符号可以生成多个“目录或文件路径”和“排除目录和文件路径”，输入合法路径，多个路径使用|分割，其他参数填写正确，点击提交添加成功，策略配置信息显示正确。,1.服务端可以正常登陆,"1.登陆服务端界面
2.点击软件管理-守护策略-创建策略
3.“点击+符号可以生成多个“目录或文件路径”和“排除目录和文件路径”，输入合法路径，多个路径使用|分割，其他参数填写正确，点击提交",3.策略创建成功，配置信息显示正确。,2.0,功能测试,系统测试阶段,通过,,
10,管理系统,系统租户管理,租户安全管控策略管理,创建安全管控策略,软件管理,守护策略,创建策略,,TC_10_1_3,打开创建策略界面，“防止篡改”设置为ON，点击+符号可以生成多个“目录或文件路径”和“排除目录和文件路径”，输入合法路径，多个路径使用|分割，其他参数填写正确，点击提交添加成功，策略配置信息显示正确。,1.服务端可以正常登陆,"1.登陆服务端界面
2.点击软件管理-守护策略-创建策略
3.“点击+符号可以生成多个“目录或文件路径”和“排除目录和文件路径”，输入合法路径，多个路径使用|分割，其他参数填写正确，点击提交",3.策略创建成功，配置信息显示正确。,2.0,功能测试,系统测试阶段,通过,,
10,管理系统,系统租户管理,租户安全管控策略管理,创建安全管控策略,软件管理,守护策略,创建策略,,TC_10_1_4,打开创建策略界面，“防止关闭”设置为ON，“目录或文件路径”可以编辑，但不输入，其他参数填写正确，点击提交添加成功,1.服务端可以正常登陆,"1.登陆服务端界面
2.点击软件管理-守护策略-创建策略
3.“防止关闭”设置为ON，“目录或文件路径”可以编辑，但不输入，其他参数填写正确，点击提交",3.策略创建成功，配置信息显示正确。,1.0,功能测试,系统测试阶段,通过,,
10,管理系统,系统租户管理,租户安全管控策略管理,创建安全管控策略,软件管理,守护策略,创建策略,,TC_10_1_5,打开编辑策略界面，“策略名称”长度为最大长度（254个字节），其他参数填写正确，点击提交修改成功,1.服务端可以正常登陆,"1.登陆服务端界面
2.点击软件管理-守护策略
3.选择已经创建好的任意策略，点击编辑
4.“策略名称”输入等于254字节信息，其他参数填写正确，点击提交",4.策略修改成功，配置信息显示正确。,2.0,功能测试,系统测试阶段,通过,,
11,管理系统,系统租户管理,租户安全管控策略管理,编辑安全管控策略,软件管理,守护策略,创建策略,,TC_11_1_1,打开创建策略界面，“防止删除”设置为ON，点击+符号可以生成多个“目录或文件路径”和“排除目录和文件路径”，输入合法路径，多个路径使用|分割，其他参数填写正确，点击提交添加成功，策略配置信息显示正确。,1.服务端可以正常登陆,"1.登陆服务端界面
2.点击软件管理-守护策略-创建策略
3.“点击+符号可以生成多个“目录或文件路径”和“排除目录和文件路径”，输入合法路径，多个路径使用|分割，其他参数填写正确，点击提交",3.策略创建成功，配置信息显示正确。,2.0,功能测试,系统测试阶段,通过,,
11,管理系统,系统租户管理,租户安全管控策略管理,编辑安全管控策略,软件管理,守护策略,创建策略,,TC_11_1_2,打开创建策略界面，“防止篡改”设置为ON，点击+符号可以生成多个“目录或文件路径”和“排除目录和文件路径”，输入合法路径，多个路径使用|分割，其他参数填写正确，点击提交添加成功，策略配置信息显示正确。,1.服务端可以正常登陆,"1.登陆服务端界面
2.点击软件管理-守护策略-创建策略
3.“点击+符号可以生成多个“目录或文件路径”和“排除目录和文件路径”，输入合法路径，多个路径使用|分割，其他参数填写正确，点击提交",3.策略创建成功，配置信息显示正确。,2.0,功能测试,系统测试阶段,通过,,
11,管理系统,系统租户管理,租户安全管控策略管理,编辑安全管控策略,软件管理,守护策略,创建策略,,TC_11_1_3,打开创建策略界面，“防止关闭”设置为ON，“目录或文件路径”可以编辑，但不输入，其他参数填写正确，点击提交添加成功,1.服务端可以正常登陆,"1.登陆服务端界面
2.点击软件管理-守护策略-创建策略
3.“防止关闭”设置为ON，“目录或文件路径”可以编辑，但不输入，其他参数填写正确，点击提交",3.策略创建成功，配置信息显示正确。,1.0,功能测试,系统测试阶段,通过,,
12,管理系统,系统租户管理,租户安全管控策略管理,删除安全管控策略,软件管理,守护策略,删除策略,,TC_12_1_1,在守护策略页面，点击删除策略，在删除确认框，点击取消不会删除策略，点击确定删除策略成功,1.服务端可以正常登陆,"1.登陆服务端界面
2.点击软件管理-守护策略
3.勾选一条策略，点击删除策略",3.点击取消不会删除策略，点击确定删除策略成功,2.0,功能测试,系统测试阶段,通过,,
13,管理系统,系统租户管理,租户安全管控策略管理,持久化守护管理,软件管理,守护策略,查询,,TC_13_1_1,在部署策略界面，所有查询条件均不输入，点击查询，可以查询到所有未被分组和已分组的设备总记录,1.服务端可以正常登陆,"1.登陆服务端界面
2.点击软件管理-守护策略-勾选指定的策略，点击部署策略
3.所有查询条件均不输入，点击查询",3.可以查询到所有未被分组和已分组的设备总记录,2.0,功能测试,系统测试阶段,通过,,
13,管理系统,系统租户管理,租户安全管控策略管理,持久化守护管理,软件管理,守护策略,查询,,TC_13_1_2,在部署策略界面，点击重置可以清空查询条件,1.服务端可以正常登陆,"1.登陆服务端界面
2.点击软件管理-守护策略-勾选指定的策略，点击部署策略
3.查询条件“品牌”、“型号”、“IP地址”和“状态”输入的组合条件，点击重置",3.查询条件出所有信息被重置,2.0,功能测试,系统测试阶段,通过,,
14,管理系统,系统租户管理,租户安全管控策略管理,租户安全管控策略绑定到系统租户,软件管理,守护策略,部署策略,,TC_14_1_1,在守护策略页面，勾选多个策略，点击部署策略，操作成功,"1.服务端可以正常登陆
2.客户端已安装agent,持久化功能开启
3.客户端与服务端网络通信正常","1.登陆服务端界面
2.点击软件管理-守护策略
3.勾选多个策略，点击部署策略",3.操作成功,2.0,功能测试,系统测试阶段,通过,,
14,管理系统,系统租户管理,租户安全管控策略管理,租户安全管控策略绑定到系统租户,软件管理,守护策略,部署策略,,TC_14_1_2,在部署策略界面，勾选任意一个在线设备，点击部署策略，会提示“创建部署策略成功”，且客户端守护策略生效,"1.服务端可以正常登陆
2.客户端已安装agent,持久化功能开启
3.客户端与服务端网络通信正常","1.登陆服务端界面
2.点击软件管理-守护策略
3.勾选指定策略，点击策略部署
4.勾选指定的设备，点击部署策略",4.策略部署成功，且守护策略在客户端生效,1.0,功能测试,系统测试阶段,通过,,
14,管理系统,系统租户管理,租户安全管控策略管理,租户安全管控策略绑定到系统租户,软件管理,守护策略,部署策略,,TC_14_1_3,在部署策略界面，勾选多个在线设备，点击部署策略，会提示“创建部署策略成功”，且客户端守护策略生效,"1.服务端可以正常登陆
2.客户端已安装agent,持久化功能开启
3.客户端与服务端网络通信正常","1.登陆服务端界面
2.点击软件管理-守护策略
3.勾选指定策略，点击策略部署
4.勾选多个指定的设备，点击部署策略",4.策略部署成功，且守护策略在所有客户端生效,1.0,功能测试,系统测试阶段,通过,,
15        ,管理系统,系统租户管理,租户的违规预警管理,对系统内租户进行违规处理方式配置,,,,,,,,,,,,,不通过,,功能已实现，当前环境不满足验证条件
,管理系统,系统租户管理,租户的违规预警管理,系统租户登陆系统后可从【系统租户违规预警】中【违规处理配置管理】中用联网获取或导入方式获取配置好的违规处理策略,,,,,,,,,,,,,不通过,,功能已实现，当前环境不满足验证条件
16        ,管理系统,系统租户管理,租户的违规预警管理,创建违规预警处理策略,,,,,,,,,,,,,不通过,,功能已实现，当前环境不满足验证条件
17        ,管理系统,系统租户管理,租户的违规预警管理,配置违规预警策略到系统租户,,,,,,,,,,,,,不通过,,功能已实现，当前环境不满足验证条件
18        ,管理系统,系统租户管理,租户的违规预警管理,注销违规预警策略到系统租户,,,,,,,,,,,,,不通过,,功能已实现，当前环境不满足验证条件
19,管理系统,系统登陆与注册,系统登陆,支持管理员登陆/注册租户登陆,系统登录,登录,,,TC_19_1_1,使用运维管理员角色登录系统成功,1.服务端运行正常,"1.通过浏览器打开服务器访问地址
2.输入正确的运维管理员角色账号、密码和验证码
3.查看登录是否成功
4.查看权限是否正确","3.登录成功
4.权限正确",1.0,功能测试,系统测试阶段,通过,,
19,管理系统,系统登陆与注册,系统登陆,支持管理员登陆/注册租户登陆,系统登录,登录,,,TC_19_1_2,使用系统管理员角色登录系统成功,1.服务端运行正常,"1.通过浏览器打开服务器访问地址
2.输入正确的系统管理员角色账号、密码和验证码
3.查看登录是否成功
4.查看权限是否正确","3.登录成功
4.权限正确（没有用户管理权限）",1.0,功能测试,系统测试阶段,通过,,
19,管理系统,系统登陆与注册,系统登陆,支持管理员登陆/注册租户登陆,系统登录,登录,,,TC_19_1_3,使用管理员角色登录系统成功,1.服务端运行正常,"1.通过浏览器打开服务器访问地址
2.输入正确的管理员角色账号、密码和验证码
3.查看登录是否成功
4.查看权限是否正确","3.登录成功
4.权限正确",1.0,功能测试,系统测试阶段,通过,,
19,管理系统,系统登陆与注册,系统登陆,支持管理员登陆/注册租户登陆,系统登录,注销,,,TC_19_1_4,同一个角色在一个浏览器中可以打开多个页面登录，登录成功的日志只记录一次,1.服务端运行正常,"1.通过浏览器打开服务器访问地址
2.输入正确的账号、密码和验证码
3.登录成功后，查看是否生成操作日志
4.在同一个浏览器，打开新的标签页，输入服务器访问地址
5.查看是否进行登录认证
6.查看是否生成操作日志","3.登录成功后，生成登录成功的操作日志
5.同一浏览器新的页签不会进行登录认证
6.不会生成登录成功的操作日志",2.0,功能测试,系统测试阶段,通过,,
19,管理系统,系统登陆与注册,系统登陆,支持管理员登陆/注册租户登陆,系统登录,注销,,,TC_19_1_5,登录，点击右上角注销，退出当前账号,"1.服务端运行正常
","1.登陆服务端界面
2.点击右上角注销
3.查看是否退出当前账号",3.退出当前账号成功,1.0,功能测试,系统测试阶段,通过,,
20,管理系统,系统登陆与注册,系统登陆,系统登陆,系统登录,登录,,,TC_20_1_1,使用安全审计管理员角色登录系统成功,1.服务端运行正常,"1.通过浏览器打开服务器访问地址
2.输入正确的安全审计管理员角色账号、密码和验证码
3.查看登录是否成功
4.查看权限是否正确","3.登录成功
4.只能操作 日志管理、告警信息 和 资产盘点 功能，其他功能不显示",1.0,功能测试,系统测试阶段,通过,,
20,管理系统,系统登陆与注册,系统登陆,系统登陆,系统登录,登录,,,TC_20_1_2,在登录界面，密码不能明文显示,1.服务端运行正常,"1.通过浏览器打开服务器访问地址
2.在密码框输入密码
3.查看是否明文显示",3.密码使用非明文显示，使用*替代,1.0,功能测试,系统测试阶段,通过,,
21,管理系统,系统登陆与注册,新租户注册,填写租户的企业/个人信息完成租户的创建,系统管理,用户管理,用户录入,,TC_21_1_1,在用户录入界面，“用户账号”输入长度范围内的合法字符，其他参数填写正确，点击提交，录入用户成功,1.服务端可以正常登陆,"1.进入 系统管理-用户管理 页面
2.点击 用户录入
3.“用户账号”输入长度范围内的合法字符，其他参数填写正确，点击提交",3.录入用户成功,1.0,功能测试,系统测试阶段,通过,,
21,管理系统,系统登陆与注册,新租户注册,填写租户的企业/个人信息完成租户的创建,系统管理,用户管理,用户录入,,TC_21_1_2,在用户录入界面，“用户名称”输入长度范围内的合法字符，其他参数填写正确，点击提交，录入用户成功,1.服务端可以正常登陆,"1.进入 系统管理-用户管理 页面
2.点击 用户录入
3.“用户名称”输入长度范围内的合法字符，其他参数填写正确，点击提交",3.录入用户成功,1.0,功能测试,系统测试阶段,通过,,
21,管理系统,系统登陆与注册,新租户注册,填写租户的企业/个人信息完成租户的创建,系统管理,用户管理,用户录入,,TC_21_1_3,在用户录入界面，“密码”输入长度范围内的合法字符，其他参数填写正确，点击提交，录入用户成功,"1.服务端可以正常登陆
","1.进入 系统管理-用户管理 页面
2.点击 用户录入
3.“密码”输入长度范围内的合法字符，其他参数填写正确，点击提交",3.录入用户成功,1.0,功能测试,系统测试阶段,通过,,
22,管理系统,系统登陆与注册,新租户注册,租户密码信息管理,系统管理,用户管理,密码重置,,TC_22_1_1,在密码重置界面，“密码”输入长度范围内的合法字符，其他参数填写正确，点击提交，密码重置成功,1.服务端可以正常登陆,"1.进入 系统管理-用户管理 页面
2.勾选任意用户记录，点击“密码重置”
3.“密码”输入长度范围内的合法字符，其他参数填写正确，点击提交",3.密码重置成功,1.0,功能测试,系统测试阶段,通过,,
22,管理系统,系统登陆与注册,新租户注册,租户密码信息管理,系统管理,用户管理,密码重置,,TC_22_1_2,在密码重置界面，“密码”和“重复密码”输入新的合法密码，点击提交，密码修改成功,"1.服务端可以正常登陆
2.用户A正在登陆","1.进入 系统管理-用户管理 页面
2.勾选用户A记录，点击“密码重置”
3.“密码”和“重复密码”输入新的密码，且一直，点击提交
4.查看当前在线用户A是否还能正常使用
5.用户A注销后，使用旧密码登录，查看是否成功
6.用户A注销后，使用新密码登录，查看是否成功","3.用户A密码修改成功
4.当前在线用户A正常使用
5.使用旧密码登录失败
6.使用新密码登录成功",1.0,功能测试,系统测试阶段,通过,,
23,管理系统,设备管理,设备激活,"1.依据租户授权设备数量提供相应数量的设备激活链接（包含唯一的AgentID）
2.租户自己在被授权设备中打开设备激活链接，下载Agent并完成安装同时进行设备激活
3.安装完成后Agent向服务器返回状态信息",设备管理,激活设备,,,TC_23_1_1,管理员在服务端激活设备，客户端自动重启机器后，agent将配置文件通过host_info传给bios，BIOS激活agent守护服务成功，服务器更新激活状态为已激活,"1.客户端与服务端网络通信正常;
2.客户端已安装agent;
3.持久化功能未激活;","1.客户端登录激活地址（例如192.168.60.70:8888）
2.输入激活码，点击确定
3.填写设备名称和设备位置描述，点击保存
4.客户端自动下载server文件，自动重启
5.进入BIOS“安全”界面，查看“守护功能开关”的状态;
6.客户端进入OS后，进入服务端查看客户端激活状态，并查看激活日志;","5.“守护功能开关”显示“已激活”，BIOS激活agent守护服务成功;
6. 服务端显示客户端状态已激活，服务端显示客户端激活成功日志;",1.0,功能测试,系统测试阶段,通过,,
23,管理系统,设备管理,设备激活,"1.依据租户授权设备数量提供相应数量的设备激活链接（包含唯一的AgentID）
2.租户自己在被授权设备中打开设备激活链接，下载Agent并完成安装同时进行设备激活
3.安装完成后Agent向服务器返回状态信息",设备管理,激活设备,,,TC_23_1_2,在激活设备界面，勾选任意记录，点击“从设备列表删除”，操作成功，不能在“设备列表”查看到该设备,"1.客户端与服务端网络通信正常;
2.存在一台已安装agent软件但未激活的设备
3.服务端可以正常登陆","1.登陆服务端界面
2.点击设备管理-添加设备
3.勾选任意一台待激活的设备，点击“从设备列表删除”
4.在设备列表根目录查看是否存在该设备",4.被删除的设备不会在添加设备中显示,1.0,功能测试,系统测试阶段,通过,,
23,管理系统,设备管理,设备激活,"1.依据租户授权设备数量提供相应数量的设备激活链接（包含唯一的AgentID）
2.租户自己在被授权设备中打开设备激活链接，下载Agent并完成安装同时进行设备激活
3.安装完成后Agent向服务器返回状态信息",设备管理,激活设备,,,TC_23_1_3,在激活设备界面，“IP地址”和“设备SN号”为空，点击查询，查询结果显示所有记录,"1.客户端与服务端网络通信正常;
2.存在多台已安装agent软件但未激活的设备
3.服务端可以正常登陆","1.登陆服务端界面
2.点击设备管理-添加设备
3.在搜索栏“IP地址”和“设备SN号”为空，点击查询",3.查询结果显示所有记录,2.0,功能测试,系统测试阶段,通过,,
23,管理系统,设备管理,设备激活,"1.依据租户授权设备数量提供相应数量的设备激活链接（包含唯一的AgentID）
2.租户自己在被授权设备中打开设备激活链接，下载Agent并完成安装同时进行设备激活
3.安装完成后Agent向服务器返回状态信息",设备管理,激活设备,,,TC_23_1_4,设备在管理系统中具有全局唯一的标识,"1.服务端可以正常登陆
2.存在激活的设备A","1.登录管理系统数据库
2.查看设备是否具有全局唯一的标识",2.设备在管理系统中具有全局唯一的标识 agent id ,1.0,功能测试,系统测试阶段,通过,,
24        ,管理系统,设备管理,设备激活,租户可联外网--设备授权激活信息可直接推送到,设备管理,激活设备,,,TC_24_1_1,管理员在服务端激活设备，客户端自动重启机器后，agent将配置文件通过host_info传给bios，BIOS激活agent守护服务成功，服务器更新激活状态为已激活,"1.客户端与服务端网络通信正常;
2.客户端已安装agent;
3.持久化功能未激活;","1.客户端登录激活地址（例如192.168.60.70:8888）
2.输入激活码，点击确定
3.填写设备名称和设备位置描述，点击保存
4.客户端自动下载server文件，自动重启
5.进入BIOS“安全”界面，查看“守护功能开关”的状态;
6.客户端进入OS后，进入服务端查看客户端激活状态，并查看激活日志;","5.“守护功能开关”显示“已激活”，BIOS激活agent守护服务成功;
6. 服务端显示客户端状态已激活，服务端显示客户端激活成功日志;",1.0,功能测试,系统测试阶段,通过,,
24        ,管理系统,设备管理,设备激活,租户在内网--设备授权激活信息支持导入,设备管理,激活设备,,,TC_24_1_2,设备在管理系统中具有全局唯一的标识,"1.服务端可以正常登陆
2.存在激活的设备A","1.登录管理系统数据库
2.查看设备是否具有全局唯一的标识",2.设备在管理系统中具有全局唯一的标识 agent id ,1.0,功能测试,系统测试阶段,通过,,
25,管理系统,设备管理,设备注销,"1.租户从设备资源列表中勾选要注销的设备
2.点击【设备卸载】
3.租户授权数量+1",设备管理,注销设备,,,TC_25_1_1,在设备管理界面，勾选任意记录，点击“注销设备”，操作成功，在“设备列表”不能查看到该设备,"1.服务端可以正常登陆
2.服务端上存在被管理的激活设备
3.客户端与服务端网络通信正常","1.登陆服务端界面
2.点击设备管理
3.勾选任意一台设备，点击注销设备",3.在“设备列表”不能查看到该设备,1.0,功能测试,系统测试阶段,通过,,
25,管理系统,设备管理,设备注销,"1.租户从设备资源列表中勾选要注销的设备
2.点击【设备卸载】
3.租户授权数量+1",设备管理,注销设备,,,TC_25_1_2,设备被注销后，可以在激活设备界面看到该设备，且可以被再次激活,"1.服务端可以正常登陆
2.服务端上存在被管理的激活设备
3.客户端与服务端网络通信正常","1.登陆服务端界面
2.点击设备管理
3.勾选任意一台设备，点击注销设备
4.点击设备",3.在“设备列表”不能查看到该设备,1.0,功能测试,系统测试阶段,通过,,
26,管理系统,设备管理,设备多级分组管理,1.创建设备分组,设备管理,设备分组,,,TC_26_1_1,服务器初次使用，在设备管理界面，点击“创建分组”，“上级分组”为空，其他参数填写正确，点击确定分组创建成功,"1.服务端可以正常登陆
2.服务器为初次使用","1.登陆服务端界面
2.选择设备管理-创建分组
3.“上级分组”为空，其他参数填写正确，点击确定",3.分组创建成功,2.0,功能测试,系统测试阶段,通过,,
26,管理系统,设备管理,设备多级分组管理,1.创建设备分组,设备管理,设备分组,,,TC_26_1_2,在设备管理界面，创建分组成功，会有操作日志记录,1.服务端可以正常登陆,"1.登陆服务端界面
2.选择设备管理-创建分组
3.所有信息正常填写，点击确定
4.查看是否生成相关操作记录","4=3.分组创建成功
4.存在分组创建成功的操作日志",1.0,功能测试,系统测试阶段,通过,,
27,管理系统,设备管理,设备多级分组管理,2.编辑设备分组,设备管理,编辑分组,,,TC_27_1_1,在设备管理界面，存在分组A/B/C ，选择分组C，点击“编辑分组”，修改分组名称为D成功,"1.服务端可以正常登陆
2.存在分组A/B/C ","1.登陆服务端界面
2.选择设备管理界面
3.选择分组C，点击“编辑分组”，修改分组名称为D",3.分组名称修改成功,1.0,功能测试,系统测试阶段,通过,,
27,管理系统,设备管理,设备多级分组管理,2.编辑设备分组,设备管理,编辑分组,,,TC_27_1_2,在编辑分组界面，默认窗口可以进行拖动,1.服务端可以正常登陆,"1.登陆服务端界面
2.选择设备管理-编辑分组
3.使用鼠标拖动弹窗",3.拖动过程无明显卡顿，且内容显示正常,2.0,功能测试,系统测试阶段,通过,,
28,管理系统,设备管理,设备多级分组管理,3.删除设备分组,设备管理,删除分组,,,TC_28_1_1,在设备管理界面，选择根分组，点击“删除分组”会有错误提示“根分组信息不能删除！”,1.服务端可以正常登陆,"1.登陆服务端界面
2.选择设备管理
3.选中根分组，点击删除分组",3.服务端报错，提示“根分组信息不能删除！”,2.0,功能测试,系统测试阶段,通过,,
28,管理系统,设备管理,设备多级分组管理,3.删除设备分组,设备管理,删除分组,,,TC_28_1_2,在设备管理界面，存在分组 A/B/C/D，其中根分组A绑定有M个设备，分组C和分钟D绑定有N个设备，选中分组C，点击“删除分组”成功，根分组绑定的设备数变为M+N,"1.服务端可以正常登陆
2.存在分组 A/B/C/D
3.分组A绑定有M个设备，分组C和分钟D绑定有N个设备","1.登陆服务端界面
2.选择设备管理
3.选中分组C，点击“删除分组”，点击确定
4.查看根分组绑定设备数量",4.根分组绑定的设备数变为M+N,1.0,功能测试,系统测试阶段,通过,,
29        ,管理系统,设备管理,设备多级分组管理,远程开机,,,,,,,,,,,,,不通过,,功能已实现，当前环境不满足验证条件
30,管理系统,设备管理,设备远程管理,远程关机,设备管理,远程关机,,,TC_30_1_1,在设备管理界面，选中任意离线设备查看详情，点击远程关机，会有错误提示“设备处于离线状态不能远程关机！”,"1.服务端运行正常。
2.服务端与客户端通信正常。","1.登陆服务端界面
2.点击设备管理-选择指定开机的客户端设备（离线状态），点击查看详情-远程关机",3.服务端报错，提示“设备处于离线状态不能远程关机！”,2.0,功能测试,系统测试阶段,通过,,
30,管理系统,设备管理,设备远程管理,远程关机,设备管理,远程关机,,,TC_30_1_2,客户端处于开机状态，在设备管理界面，选中该设备查看详情，点击远程关机，设备关机成功,"1.服务端运行正常。
2.服务端与客户端通信正常。","1.登陆服务端界面
2.点击设备管理-选择指定开机的客户端设备（在线状态），点击查看详情-远程关机",2.远程关机成功,1.0,功能测试,系统测试阶段,通过,,
31,管理系统,设备管理,设备远程管理,远程重启,设备管理,远程重启,,,TC_31_1_1,在设备管理界面，选中任意离线设备查看详情，点击远程重启，会有错误提示“设备处于离线状态不能远程重启！”,"1.服务端运行正常。
2.服务端与客户端通信正常。","1.登陆服务端界面
2.点击设备管理-选择指定开机的客户端设备（离线状态），点击查看详情-远程重启",3.服务端报错，提示“设备处于离线状态不能远程重启！”,2.0,功能测试,系统测试阶段,通过,,
31,管理系统,设备管理,设备远程管理,远程重启,设备管理,远程重启,,,TC_31_1_2,客户端处于开机状态，在设备管理界面，选中该设备查看详情，点击远程重启，设备重启成功,"1.服务端运行正常。
2.服务端与客户端通信正常。","1.登陆服务端界面
2.点击设备管理-选择指定开机的客户端设备（在线状态），点击查看详情-远程重启",2.远程重启成功,1.0,功能测试,系统测试阶段,通过,,
32        ,管理系统,设备管理,设备远程管理,远程数据传送,,,,,,,,,,,,,不通过,,功能已实现，当前环境不满足验证条件
33        ,管理系统,设备管理,设备远程管理,远程数据删除,,,,,,,,,,,,,不通过,,功能已实现，当前环境不满足验证条件
34,管理系统,设备管理,设备远程管理,远程软件安装,软件管理,软件仓库,远程安装,,TC_34_1_1,在远程安装界面，勾选任意设备（状态在线），点击远程安装，会有进度显示，安装完成会有操作成功的日志,1.服务端可以正常登陆,"1.登陆服务端界面
2.点击软件管理-软件仓库
3.勾选任意一条软件记录，点击远程安装
4.勾选任意一台设备（状态在线），点击远程安装",4.安装过程会有进度显示，安装完成会有操作成功的日志,1.0,功能测试,系统测试阶段,通过,,
34,管理系统,设备管理,设备远程管理,远程软件安装,软件管理,软件仓库,远程安装,,TC_34_1_2,全部软件，服务端可以下发给指定客户端并行进行安装,"1.服务端可以正常登陆
2.客户端与服务端通信正常","1.登陆服务端界面
2.点击软件管理-软件仓库
3.勾选任意全部同系统软件记录，点击远程安装
4.勾选指定同系统设备（状态在线），点击远程安装",4.用户安装成功，且上传“安装成功”日志,2.0,功能测试,系统测试阶段,通过,,
35,管理系统,设备管理,设备远程管理,远程软件卸载,软件管理,软件仓库,远程卸载,,TC_35_1_1,在远程卸载界面，勾选任意设备（状态在线），点击远程卸载，会有进度显示，卸载完成会有操作成功的日志,"1.服务端可以正常登陆
2.客户端存在要卸载的软件","1.登陆服务端界面
2.点击软件管理-软件仓库
3.勾选要卸载软件记录，点击远程卸载
4.勾选存在此软件的设备（状态在线），点击远程卸载",4.卸载过程会有进度显示，卸载完成会有操作成功的日志,1.0,功能测试,系统测试阶段,通过,,
35,管理系统,设备管理,设备远程管理,远程软件卸载,软件管理,软件仓库,远程卸载,,TC_35_1_2,客户端开机，存在软件A，软件A被守护，服务端下发软件A卸载任务成功,"1.服务端可以正常登陆
2.客户端存在要卸载的软件
3.卸载的软件处于被守护过程中","1.登陆服务端界面
2.点击软件管理-软件仓库
3.勾选要卸载软件记录，点击远程卸载
4.勾选存在此软件的设备（状态在线），点击远程卸载",4.软件卸载成功,2.0,功能测试,系统测试阶段,通过,,
35,管理系统,设备管理,设备远程管理,远程软件卸载,软件管理,软件仓库,远程卸载,,TC_35_1_3,全部软件，服务端可以下发给指定客户端并行进行卸载,"1.服务端可以正常登陆
2.客户端与服务端通信正常","1.登陆服务端界面
2.点击软件管理-软件仓库
3.勾选任意全部同系统软件记录，点击远程卸载
4.勾选指定同系统设备（状态在线），点击部署",4.用户卸载成功，且上传“安装成功”日志,2.0,功能测试,系统测试阶段,通过,,
36        ,管理系统,设备管理,设备远程管理,远程设备屏幕锁定,,,,,,,,,,,,,不通过,,功能已实现，当前环境不满足验证条件
37        ,管理系统,设备管理,设备远程管理,远程设备屏幕解锁,,,,,,,,,,,,,不通过,,功能已实现，当前环境不满足验证条件
38        ,管理系统,设备管理,设备远程管理,远程锁定设备USB端口,,,,,,,,,,,,,不通过,,功能已实现，当前环境不满足验证条件
39        ,管理系统,设备管理,设备远程管理,远程解锁设备USB端口,,,,,,,,,,,,,不通过,,功能已实现，当前环境不满足验证条件
40        ,管理系统,设备管理,设备远程管理,远程IP地址锁定,,,,,,,,,,,,,不通过,,功能已实现，当前环境不满足验证条件
41        ,管理系统,设备管理,设备远程管理,远程IP地址解锁,,,,,,,,,,,,,不通过,,功能已实现，当前环境不满足验证条件
42        ,管理系统,资产看板,所有设备展示,按照租户分组情况排列：,,,,,,,,,,,,,不通过,,功能已实现，当前环境不满足验证条件
,管理系统,资产看板,所有设备展示,地理区域、部门、密级等依据租户自己的分组设定,,,,,,,,,,,,,不通过,,功能已实现，当前环境不满足验证条件
43        ,管理系统,资产看板,所有设备展示,展示按柱状图、折线图、饼图可配置,,,,,,,,,,,,,不通过,,功能已实现，当前环境不满足验证条件
44        ,管理系统,资产看板,所有设备展示,设备当下时间点在网状态,,,,,,,,,,,,,不通过,,功能已实现，当前环境不满足验证条件
45,管理系统,资产看板,所有设备盘点,"1.硬件信息盘点：
硬件设备品牌/厂商
硬件配置信息
硬件设备在分组中的数量统计",资产管理,设备资产信息统计,,,TC_45_1_1,进入资产统计-设备资产信息统计页面，按设备分组统计的图表显示正确（遍历分组的增加和删除，点击刷新是否同步更新图表）,"1.服务端运行正常
","1.打开资产统计-设备资产信息统计页面
2.打开设备管理页面，增加分组或者删除分组（要遍历）
3.进入已打开的设备资产信息统计页面
4.点击设备资产信息统计页面右上角的更新按钮
5.查看“按设备分组统计”的图表显示是否同步更新，且显示是否正确",5.“按设备分组统计”的图表显示同步更新，且显示正确,1.0,功能测试,系统测试阶段,通过,,
45,管理系统,资产看板,所有设备盘点,"1.硬件信息盘点：
硬件设备品牌/厂商
硬件配置信息
硬件设备在分组中的数量统计",资产管理,设备资产信息统计,,,TC_45_1_2,进入资产统计-设备资产信息统计页面，按处理器统计的图表显示正确（按不同处理器进行区分）,"1.服务端运行正常
","1.登录服务器
2.进入资产统计-设备资产信息统计页面
3.“按处理器统计”的图表按不同处理器进行区分，通过点击具体的处理器图标
4.查看“按处理器统计”的图表显示是否同步更新，且显示是否正确",4.“按处理器统计”的图表显示同步更新，且显示正确,2.0,功能测试,系统测试阶段,通过,,
45,管理系统,资产看板,所有设备盘点,"1.硬件信息盘点：
硬件设备品牌/厂商
硬件配置信息
硬件设备在分组中的数量统计",资产管理,设备资产信息统计,,,TC_45_1_3,进入资产统计-设备资产信息统计页面，按设备厂商统计的图表显示正确（遍历不同厂商设备的激活和注销，点击刷新是否同步更新图表）,"1.服务端运行正常
","1.打开资产统计-设备资产信息统计页面
2.打开设备管理页面，激活设备或者注销设备（要遍历不同厂商）
3.进入已打开的设备资产信息统计页面
4.点击设备资产信息统计页面右上角的更新按钮
5.查看“按厂商统计”的图表显示是否同步更新，且显示是否正确",5.“按厂商统计”的图表显示同步更新图表，且显示正确,1.0,功能测试,系统测试阶段,通过,,
45,管理系统,资产看板,所有设备盘点,"1.硬件信息盘点：
硬件设备品牌/厂商
硬件配置信息
硬件设备在分组中的数量统计",资产管理,设备资产信息统计,,,TC_45_1_4,进入资产统计-设备资产信息统计页面，按操作系统类型统计的图表显示正确（遍历不同操作系统类型设备的激活和注销，点击刷新是否同步更新图表）,"1.服务端运行正常
","1.打开资产统计-设备资产信息统计页面
2.打开设备管理页面，激活设备或者注销设备（要遍历不同操作系统类型）
3.进入已打开的设备资产信息统计页面
4.点击设备资产信息统计页面右上角的更新按钮
5.查看“按操作系统类型统计”的图表显示是否同步更新，且显示是否正确",5.“按操作系统类型统计”的图表显示同步更新图表，且显示正确,1.0,功能测试,系统测试阶段,通过,,
46,管理系统,资产看板,所有设备盘点,"2.软件信息盘点：
操作系统信息
守护的第三方软件信息列表（统计是否有安装杀毒软件）
第三方软件安装情况统计
补丁的安装情况统计
关键应用活跃度统计
不同操作系统在分组中的数量统计",资产管理,软件资产信息统计,,,TC_46_1_1,进入资产统计-软件资产信息统计页面，按分组软件安装率统计TOP3统计的图表显示正确（遍历分组的增加和删除，点击刷新是否同步更新图表）,"1.服务端运行正常
","1.打开资产统计-软件资产信息统计页面
2.打开设备管理页面，增加分组或者删除分组（要遍历）
3.进入已打开的软件资产信息统计页面
4.点击软件资产信息统计页面右上角的更新按钮
5.查看“按分组软件安装率统计TOP3统计”的图表显示是否同步更新，且显示是否正确",5.“按分组软件安装率统计TOP3统计”的图表显示同步更新，且显示正确,1.0,功能测试,系统测试阶段,通过,,
46,管理系统,资产看板,所有设备盘点,"2.软件信息盘点：
操作系统信息
守护的第三方软件信息列表（统计是否有安装杀毒软件）
第三方软件安装情况统计
补丁的安装情况统计
关键应用活跃度统计
不同操作系统在分组中的数量统计",资产管理,软件资产信息统计,,,TC_46_1_2,进入资产统计-软件资产信息统计页面，按分组软件安装率统计TOP3统计的图表显示正确（变更软件TOP3排名，点击刷新是否同步更新图表）,"1.服务端运行正常
","1.打开资产统计-软件资产信息统计页面
2.变更软件TOP3排名
3.进入已打开的软件资产信息统计页面
4.点击软件资产信息统计页面右上角的更新按钮
5.查看“按分组软件安装率统计TOP3统计”的图表显示是否同步更新，且显示是否正确",5.“按分组软件安装率统计TOP3统计”的图表显示同步更新，且显示正确,1.0,功能测试,系统测试阶段,通过,,
46,管理系统,资产看板,所有设备盘点,"2.软件信息盘点：
操作系统信息
守护的第三方软件信息列表（统计是否有安装杀毒软件）
第三方软件安装情况统计
补丁的安装情况统计
关键应用活跃度统计
不同操作系统在分组中的数量统计",资产管理,软件资产信息统计,,,TC_46_1_3,进入资产统计-设备资产信息统计页面，按分组软件安装率统计TOP3统计的图表显示正确（按不同软件进行区分）,"1.服务端运行正常
","1.登录服务器
2.进入资产统计-软件资产信息统计页面
3.“按分组软件安装率统计TOP3统计”的图表按不同软件进行区分，通过点击具体的软件图标
4.查看“按分组软件安装率统计TOP3统计”的图表显示是否同步更新，且显示是否正确",4.“按分组软件安装率统计TOP3统计”的图表显示同步更新，且显示正确,2.0,功能测试,系统测试阶段,通过,,
46,管理系统,资产看板,所有设备盘点,"2.软件信息盘点：
操作系统信息
守护的第三方软件信息列表（统计是否有安装杀毒软件）
第三方软件安装情况统计
补丁的安装情况统计
关键应用活跃度统计
不同操作系统在分组中的数量统计",资产管理,软件资产信息统计,,,TC_46_1_4,进入资产统计-软件资产信息统计页面，7天内软件使用频次统计TOP5统计的图表显示正确（只有1个软件，点击刷新是否同步更新图表）,"1.服务端运行正常
","1.打开资产统计-软件资产信息统计页面
2.7天内只有1个软件在使用
3.进入已打开的软件资产信息统计页面
4.点击软件资产信息统计页面右上角的更新按钮
5.查看“7天内软件使用频次统计TOP5统计”的图表显示是否同步更新，且显示是否正确",5.“7天内软件使用频次统计TOP5统计”的图表显示同步更新，且显示正确,2.0,功能测试,系统测试阶段,通过,,
47,管理系统,资产看板,所有设备盘点,3.软硬件信息可导出excel,资产管理,资产台账数据报表,,,TC_47_1_1,进入资产统计-软件资产信息统计页面，进入资产统计-资产台账数据报表页面，在软件资产台账框，“软件名称”、“适用处理器”和“软件分类”输入不存在的组合条件，点击查询，查询结果为空,"1.服务端运行正常
","1.登录服务器
2.进入资产统计-软件资产信息统计页面
3.“软件名称”、“适用处理器”和“软件分类”输入不存在的组合条件，点击查询",3.界面显示为空,2.0,功能测试,系统测试阶段,通过,,
48        ,管理系统,资产看板,设备健康状态报告,1.关键应用程序的License状态-到期/超期,,,,,,,,,,,,,不通过,,功能已实现，当前环境不满足验证条件
49,管理系统,资产看板,设备安全管控策略报告,分组中按照安全管控策略统计设备数量,资产统计,资产健康状态统计,,,TC_49_1_1,进入资产统计-资产健康状态统计页面，按告警分类统计框，点击表格名称，可以进行排序,1.服务端可以正常登陆,"1.登陆服务端界面
2.进入资产统计-资产健康状态统计页面，选中“按告警分类统计”框
3.点击不同的表格名称类型",3.可以按照该类型进行排序,2.0,功能测试,系统测试阶段,通过,,
49,管理系统,资产看板,设备安全管控策略报告,分组中按照安全管控策略统计设备数量,资产统计,资产健康状态统计,,,TC_49_1_2,进入资产统计-资产健康状态统计页面，按告警分类统计框，点击左下角最大显示记录数的枚举，可以调整每页显示的最大记录数，且右下角显示记录数正确,1.服务端可以正常登陆,"1.登陆服务端界面
2.进入资产统计-资产健康状态统计页面，选中“按告警分类统计”框
3.选择左下角最大显示记录数，选择不同的数据数量",3.可以按照选择的数据数量显示,2.0,功能测试,系统测试阶段,通过,,
50        ,管理系统,安全管控策略管理,安全策略导入,从云端系统导入租户所采用的安全策略,软件管理,-守护策略,云端同步守护策略,,,,,,,,,,通过,,
51,管理系统,安全管控策略管理,安全策略集中部署,1.分组集中部署,软件管理,-守护策略,创建策略,,TC_51_1_1,打开创建策略界面，“软件名称”选择任意枚举值，其他参数填写正确，点击提交添加成功，策略配置信息显示正确。,1.服务端可以正常登陆,"1.登陆服务端界面
2.点击软件管理-守护策略-创建策略
3.“软件名称”选择任意枚举值，其他参数填写正确，点击提交（遍历所有已存在软件）",3.策略配置信息显示正确。,1.0,功能测试,系统测试阶段,通过,,
51,管理系统,安全管控策略管理,安全策略集中部署,1.分组集中部署,软件管理,-守护策略,创建策略,,TC_51_1_2,打开编辑策略界面，“策略名称”长度为最大长度（254个字节），其他参数填写正确，点击提交修改成功,1.服务端可以正常登陆,"1.登陆服务端界面
2.点击软件管理-守护策略
3.选择已经创建好的任意策略，点击编辑
4.“策略名称”输入等于254字节信息，其他参数填写正确，点击提交",4.策略修改成功，配置信息显示正确。,2.0,功能测试,系统测试阶段,通过,,
51,管理系统,安全管控策略管理,安全策略集中部署,1.分组集中部署,软件管理,-守护策略,创建策略,,TC_51_1_3,打开编辑策略界面，“防止关闭”可以修改为ON或者OFF，其他参数填写正确，点击提交修改成功,1.服务端可以正常登陆,"1.登陆服务端界面
2.点击软件管理-守护策略
3.选择已经创建好的任意策略，点击编辑
4.“防止关闭”可以修改为ON或者OFF，点击提交",4.“目录或文件路径”不能编辑,1.0,功能测试,系统测试阶段,通过,,
51,管理系统,安全管控策略管理,安全策略集中部署,1.分组集中部署,软件管理,-守护策略,创建策略,,TC_51_1_4,打开编辑策略界面，“防止删除”设置为ON，“目录或文件路径”和“排除目录和文件路径”可以编辑，输入为空，其他参数填写正确，点击提交修改成功,1.服务端可以正常登陆,"1.登陆服务端界面
2.点击软件管理-守护策略
3.选择已经创建好的任意策略，点击编辑
4.“防止删除”设置为ON，“目录或文件路径”和“排除目录和文件路径”可以编辑，但不输入，其他参数填写正确，点击提交",4.策略修改成功，配置信息显示正确。,2.0,功能测试,系统测试阶段,通过,,
51,管理系统,安全管控策略管理,安全策略集中部署,1.分组集中部署,软件管理,-守护策略,创建策略,,TC_51_1_5,打开编辑策略界面，“防止篡改”设置为ON，“目录或文件路径”和“排除目录和文件路径”可以编辑，输入为空，其他参数填写正确，点击提交修改成功,1.服务端可以正常登陆,"1.登陆服务端界面
2.点击软件管理-守护策略
3.选择已经创建好的任意策略，点击编辑
4.“防止篡改”设置为ON，“目录或文件路径”和“排除目录和文件路径”可以编辑，但不输入，其他参数填写正确，点击提交",4.策略修改成功，配置信息显示正确。,2.0,功能测试,系统测试阶段,通过,,
52,管理系统,安全管控策略管理,安全策略集中部署,2.单独部署,软件管理,-守护策略,部署策略,,TC_52_1_2,在守护策略页面，勾选多个策略，点击部署策略，操作成功,"1.服务端可以正常登陆
2.客户端已安装agent,持久化功能开启
3.客户端与服务端网络通信正常","1.登陆服务端界面
2.点击软件管理-守护策略
3.勾选多个策略，点击部署策略",3.操作成功,2.0,功能测试,系统测试阶段,通过,,
52,管理系统,安全管控策略管理,安全策略集中部署,2.单独部署,软件管理,-守护策略,部署策略,,TC_52_1_3,在部署策略界面，勾选任意一个在线设备，点击部署策略，会提示“创建部署策略成功”，且客户端守护策略生效,"1.服务端可以正常登陆
2.客户端已安装agent,持久化功能开启
3.客户端与服务端网络通信正常","1.登陆服务端界面
2.点击软件管理-守护策略
3.勾选指定策略，点击策略部署
4.勾选指定的设备，点击部署策略",4.策略部署成功，且守护策略在客户端生效,1.0,功能测试,系统测试阶段,通过,,
52,管理系统,安全管控策略管理,安全策略集中部署,2.单独部署,软件管理,-守护策略,部署策略,,TC_52_1_4,在部署策略界面，勾选多个在线设备，点击部署策略，会提示“创建部署策略成功”，且客户端守护策略生效,"1.服务端可以正常登陆
2.客户端已安装agent,持久化功能开启
3.客户端与服务端网络通信正常","1.登陆服务端界面
2.点击软件管理-守护策略
3.勾选指定策略，点击策略部署
4.勾选多个指定的设备，点击部署策略",4.策略部署成功，且守护策略在所有客户端生效,1.0,功能测试,系统测试阶段,通过,,
52,管理系统,安全管控策略管理,安全策略集中部署,2.单独部署,软件管理,-守护策略,部署策略,,TC_52_1_5,设备A设置守护策略P1，在守护策略-部署策略界面设置设备A守护策略为P2，再次查看设备管理-设备详情界面，守护策略显示为P2，且守护策略P2在客户端上生效,"1.服务端可以正常登陆
2.客户端已安装agent,持久化功能开启
3.客户端与服务端网络通信正常
4.设备A已下发守护策略P1","1.登陆服务端界面
2.点击设备管理-勾选设备A，点击查看详情
3.点击软件管理-守护策略
4.勾选指定策略P2，点击策略部署
5.再次点击设备管理-勾选设备A，点击查看详情","2.策略信息中显示为P1
4.策略部署成功，且守护策略在客户端生效
5.策略信息中显示为P2",2.0,功能测试,系统测试阶段,通过,,
53        ,管理系统,安全管控策略管理,安全策略导入,从云端系统导入租户所采用的安全策略,软件管理,-守护策略,云端同步守护策略,,,,,,,,,,通过,,
54        ,,,定制化安全策略,根据等保要求需要增加密码复杂度、密钥锁定时间,,,,,,,,,,,,,不通过,,功能已实现，当前环境不满足验证条件
55,管理系统,安全管控策略管理,安全策略集中部署,1.分组集中部署,软件管理,-守护策略,创建策略,,TC_55_1_1,打开创建策略界面，“软件名称”选择任意枚举值，其他参数填写正确，点击提交添加成功，策略配置信息显示正确。,1.服务端可以正常登陆,"1.登陆服务端界面
2.点击软件管理-守护策略-创建策略
3.“软件名称”选择任意枚举值，其他参数填写正确，点击提交（遍历所有已存在软件）",3.策略配置信息显示正确。,1.0,功能测试,系统测试阶段,通过,,
55,管理系统,安全管控策略管理,安全策略集中部署,1.分组集中部署,软件管理,-守护策略,创建策略,,TC_55_1_2,打开编辑策略界面，“策略名称”长度为最大长度（254个字节），其他参数填写正确，点击提交修改成功,1.服务端可以正常登陆,"1.登陆服务端界面
2.点击软件管理-守护策略
3.选择已经创建好的任意策略，点击编辑
4.“策略名称”输入等于254字节信息，其他参数填写正确，点击提交",4.策略修改成功，配置信息显示正确。,2.0,功能测试,系统测试阶段,通过,,
55,管理系统,安全管控策略管理,安全策略集中部署,1.分组集中部署,软件管理,-守护策略,创建策略,,TC_55_1_3,打开编辑策略界面，“防止关闭”可以修改为ON或者OFF，其他参数填写正确，点击提交修改成功,1.服务端可以正常登陆,"1.登陆服务端界面
2.点击软件管理-守护策略
3.选择已经创建好的任意策略，点击编辑
4.“防止关闭”可以修改为ON或者OFF，点击提交",4.“目录或文件路径”不能编辑,1.0,功能测试,系统测试阶段,通过,,
55,管理系统,安全管控策略管理,安全策略集中部署,1.分组集中部署,软件管理,-守护策略,创建策略,,TC_55_1_4,打开编辑策略界面，“防止删除”设置为ON，“目录或文件路径”和“排除目录和文件路径”可以编辑，输入为空，其他参数填写正确，点击提交修改成功,1.服务端可以正常登陆,"1.登陆服务端界面
2.点击软件管理-守护策略
3.选择已经创建好的任意策略，点击编辑
4.“防止删除”设置为ON，“目录或文件路径”和“排除目录和文件路径”可以编辑，但不输入，其他参数填写正确，点击提交",4.策略修改成功，配置信息显示正确。,2.0,功能测试,系统测试阶段,通过,,
55,管理系统,安全管控策略管理,安全策略集中部署,1.分组集中部署,软件管理,-守护策略,创建策略,,TC_55_1_5,打开编辑策略界面，“防止篡改”设置为ON，“目录或文件路径”和“排除目录和文件路径”可以编辑，输入为空，其他参数填写正确，点击提交修改成功,1.服务端可以正常登陆,"1.登陆服务端界面
2.点击软件管理-守护策略
3.选择已经创建好的任意策略，点击编辑
4.“防止篡改”设置为ON，“目录或文件路径”和“排除目录和文件路径”可以编辑，但不输入，其他参数填写正确，点击提交",4.策略修改成功，配置信息显示正确。,2.0,功能测试,系统测试阶段,通过,,
56,管理系统,安全管控策略管理,安全策略集中部署,2.单独部署,软件管理,-守护策略,部署策略,,TC_56_1_1,在守护策略页面，勾选多个策略，点击部署策略，操作成功,"1.服务端可以正常登陆
2.客户端已安装agent,持久化功能开启
3.客户端与服务端网络通信正常","1.登陆服务端界面
2.点击软件管理-守护策略
3.勾选多个策略，点击部署策略",3.操作成功,2.0,功能测试,系统测试阶段,通过,,
56,管理系统,安全管控策略管理,安全策略集中部署,2.单独部署,软件管理,-守护策略,部署策略,,TC_56_1_2,在部署策略界面，勾选任意一个在线设备，点击部署策略，会提示“创建部署策略成功”，且客户端守护策略生效,"1.服务端可以正常登陆
2.客户端已安装agent,持久化功能开启
3.客户端与服务端网络通信正常","1.登陆服务端界面
2.点击软件管理-守护策略
3.勾选指定策略，点击策略部署
4.勾选指定的设备，点击部署策略",4.策略部署成功，且守护策略在客户端生效,1.0,功能测试,系统测试阶段,通过,,
56,管理系统,安全管控策略管理,安全策略集中部署,2.单独部署,软件管理,-守护策略,部署策略,,TC_56_1_3,在部署策略界面，勾选多个在线设备，点击部署策略，会提示“创建部署策略成功”，且客户端守护策略生效,"1.服务端可以正常登陆
2.客户端已安装agent,持久化功能开启
3.客户端与服务端网络通信正常","1.登陆服务端界面
2.点击软件管理-守护策略
3.勾选指定策略，点击策略部署
4.勾选多个指定的设备，点击部署策略",4.策略部署成功，且守护策略在所有客户端生效,1.0,功能测试,系统测试阶段,通过,,
56,管理系统,安全管控策略管理,安全策略集中部署,2.单独部署,软件管理,-守护策略,部署策略,,TC_56_1_4,设备A设置守护策略P1，在守护策略-部署策略界面设置设备A守护策略为P2，再次查看设备管理-设备详情界面，守护策略显示为P2，且守护策略P2在客户端上生效,"1.服务端可以正常登陆
2.客户端已安装agent,持久化功能开启
3.客户端与服务端网络通信正常
4.设备A已下发守护策略P1","1.登陆服务端界面
2.点击设备管理-勾选设备A，点击查看详情
3.点击软件管理-守护策略
4.勾选指定策略P2，点击策略部署
5.再次点击设备管理-勾选设备A，点击查看详情","2.策略信息中显示为P1
4.策略部署成功，且守护策略在客户端生效
5.策略信息中显示为P2",2.0,功能测试,系统测试阶段,通过,,
57        ,管理系统,违规预警,违规处理配置管理,创建违规处理策略导入,,,,,,,,,,,,,不通过,,功能已实现，当前环境不满足验证条件
58        ,管理系统,,,部署违规处策略,,,,,,,,,,,,,不通过,,功能已实现，当前环境不满足验证条件
59        ,管理系统,,,文件违规告警,,,,,,,,,,,,,不通过,,功能已实现，当前环境不满足验证条件
60        ,管理系统,,,硬件告警,,,,,,,,,,,,,不通过,,功能已实现，当前环境不满足验证条件
61        ,管理系统,,,软件违规告警,,,,,,,,,,,,,不通过,,功能已实现，当前环境不满足验证条件
62        ,管理系统,,违规预警统计,,,,,,,,,,,,,,不通过,,功能已实现，当前环境不满足验证条件
63,管理系统,软件仓库,OSAgent,,Agent管理,,,,TC_63_1_1,系统盘安装在M.2设备，支持agent安装功能,"1.客户端与服务端网络通信正常
2.客户端系统装在M.2设备上","1.登录服务web界面，“客户端管理”选择“持久化代理”下发。
2.客户端，手动点击“安装”按钮。",2.客户端安装成功。,2.0,功能测试,系统测试阶段,通过,,
63,管理系统,软件仓库,OSAgent,,Agent管理,,,,TC_63_1_2,Agent启动后，查询BIOS中UUID检查守护功能未激活，agent向服务器注册设备信息,"1.客户端与服务端网络通信正常
2.客户端已安装agent;
3.持久化功能未激活;","1.客户端向服务端发送注册设备信息（机器名称、型号、mac地址、ip，cpu、硬盘、操作系统）;
2.服务端查看客户端注册信息;",2.服务端查看客户端注册信息与客户端实际信息一致;,2.0,功能测试,系统测试阶段,通过,,
63,管理系统,软件仓库,OSAgent,,Agent管理,,,,TC_63_1_3,管理员在服务端激活设备，agent将配置文件通过host_info传给bios，提示用户重启机器后，BIOS激活agent守护服务成功，服务器更新激活状态为已激活,"1.客户端与服务端网络通信正常;
2.客户端已安装agent;
3.持久化功能未激活;","1.在服务端点击激活设备;
2.客户端存在host_info文件，提示“重启”机器;
3.开机，一致按热键进入setup配置界面;
4.进入“安全”界面，查看“守护功能开关”的状态;
5.客户端进入OS后，进入服务端查看客户端激活状态，并查看激活日志;","1.服务器端激活成功;
2.客户端下存在host_info文件，客户端重启成功;
4.“守护功能开关”显示“已激活”，BIOS激活agent守护服务成功;
5.服务端显示客户端状态已激活，服务端显示客户端激活成功日志;",1.0,功能测试,系统测试阶段,通过,,
63,管理系统,软件仓库,OSAgent,,Agent管理,,,,TC_63_1_4,首次开机，服务端下发安装agent任务，客户端安装agent成功，miniagent进程自动启动,"1.客户端与服务端网络通信正常;
2.客户端已安装agent;
3.持久化功能已激活;","1.客户端安装agent；
2.ps -ef|grep miniagent；","1.安装成功；
2.miniagent进程存在；",1.0,功能测试,系统测试阶段,通过,,
63,管理系统,软件仓库,OSAgent,,Agent管理,,,,TC_63_1_5,重新安装操作系统，BIOS恢复客户端miniagent成功,"1.客户端与服务端网络通信正常;
2.客户端已安装agent;
3.持久化功能已激活;
4.局域网内存在TFTP服务（包含恢复文件且路径正确）","1.开机重新安装系统。
2.操作系统安装成功后，重启客户端，查看BIOS是否进入恢复过程。
3.进入OS查看Miniagent进行是否运行。","2.首次重启，BIOS进入恢复过程，恢复成功；
3.OS下Miniagent进程正常运行；",2.0,功能测试,系统测试阶段,通过,,
63,管理系统,软件仓库,OSAgent,,Agent管理,,,,TC_63_1_6,系统盘安装在M.2设备，支持BIOS恢复miniagent功能,"1.在M.2盘上安装系统；
2.客户端已安装agent;
3.持久化功能已激活;","1.在客户端系统下删除miniagent；
2.重启客户端；",2.重启客户端后，BIOS进入恢复阶段，并恢复miniagent成功；,2.0,功能测试,系统测试阶段,通过,,
63,管理系统,软件仓库,OSAgent,,Agent管理,,,,TC_63_1_7,联网情况下，客户端删除/修改 miniagent文件文件，重启后该文件可正常恢复。,"1.客户端与服务端网络通信正常。
2.客户端可以正常开机进入OS。","1.开机，在OS下/user/lib/systemed/system/目录下删除miniagent文件;
2.客户端手动重启；
3.重启进系统后查看/user/lib/systemed/system/目录下miniagent文件是否存在；","1.在OS下/user/lib/systemed/system/目录下删除miniagent文件成功;
3.重启进系统后查看/user/lib/systemed/system/目录下miniagent文件存在；",1.0,功能测试,系统测试阶段,通过,,
63,管理系统,软件仓库,OSAgent,,Agent管理,,,,TC_63_1_8,不联网情况下，删除/修改miniagent文件（客户端本地存在KLimage文件），重启设备后可正常恢复。,"1.客户端与服务端之间断网。
2.客户端可以正常开机进入OS。","1.开机，在OS下/user/lib/systemed/system/目录下删除miniagent文件;
2.客户端手动重启；
3.重启进系统后查看/user/lib/systemed/system/目录下miniagent文件是否存在；","1.在OS下/user/lib/systemed/system/目录下删除miniagent文件成功;
3.重启进系统后查看/user/lib/systemed/system/目录下miniagent文件存在；",2.0,功能测试,系统测试阶段,通过,,
64,管理系统,软件仓库,第三方,,软件管理,软件仓库,软件上架,,TC_64_1_1,在软件仓库页面，点击软件上架，点击添加名称，“软件名称”输入任意字符（中文、数字、字母、特殊字符等），点击确定添加成功,1.服务端可以正常登陆,"1.登陆服务端界面
2.点击软件管理-软件仓库-软件上架
3.点击添加名称
4.名称填写任意字符（中文、数字、字母、特殊字符等），点击确定",4.软件名称添加成功,1.0,功能测试,系统测试阶段,通过,,
64,管理系统,软件仓库,第三方,,软件管理,软件仓库,软件上架,,TC_64_1_2,在软件仓库页面，点击软件上架，“版本”输入任意（字母大小写、数字、横杠、下划线和点），其他参数填写正确，提交成功,1.服务端可以正常登陆,"1.登陆服务端界面
2.点击软件管理-软件仓库-软件上架
3.在版本栏里输入任意（字母大小写、数字、横杠、下划线和点），其他参数填写正确，点击提交",3.软件添加成功,1.0,功能测试,系统测试阶段,通过,,
64,管理系统,软件仓库,第三方,,软件管理,软件仓库,软件上架,,TC_64_1_3,在软件仓库页面，点击软件上架，“软件分类”选择办公软件，其他参数填写正确，提交成功,1.服务端可以正常登陆,"1.登陆服务端界面
2.点击软件管理-软件仓库-软件上架
3.软件分类选择办公软件，其他参数正常填写，点击提交",3.软件添加成功,1.0,功能测试,系统测试阶段,通过,,
64,管理系统,软件仓库,第三方,,软件管理,软件仓库,软件上架,,TC_64_1_4,在软件仓库页面，点击软件上架，“软件分类”选择安全软件，其他参数填写正确，提交成功,1.服务端可以正常登陆,"1.登陆服务端界面
2.点击软件管理-软件仓库-软件上架
3.软件分类选择安全软件，其他参数正常填写，点击提交",3.软件添加成功,2.0,功能测试,系统测试阶段,通过,,
64,管理系统,软件仓库,第三方,,软件管理,软件仓库,软件上架,,TC_64_1_5,在软件仓库页面，点击软件上架，“软件分类”选择聊天工具，其他参数填写正确，提交成功,1.服务端可以正常登陆,"1.登陆服务端界面
2.点击软件管理-软件仓库-软件上架
3.软件分类选择聊天工具，其他参数正常填写，点击提交",3.软件添加成功,2.0,功能测试,系统测试阶段,通过,,
65,管理系统,远程协助,远程ssh连接终端,,远程协助,远程启动VNC,,,TC_65_1_1,在远程协助界面，设备A关机，勾选设备A（状态为离线），点击创建安全连接，会有错误提示“设备处于离线状态不能创建安全连接！”,"1.服务端可以正常登陆
2.客户端已安装agent,持久化功能开启
3.客户端与服务端网络通信正常","1.客户端手动关机
2.登陆服务端界面，点击远程协助
3.勾选设备A（离线状态），点击创建安全链接",3.服务端报错，提示“设备处于离线状态不能创建安全链接！”,2.0,功能测试,系统测试阶段,通过,,
65,管理系统,远程协助,远程ssh连接终端,,远程协助,远程启动VNC,,,TC_65_1_2,设备没有安装VNC软件，在远程协助界面，勾选设备列表任意一个在线设备，点击创建安全连接，状态显示为“连接成功”,"1.服务端可以正常登陆
2.客户端已安装agent,持久化功能开启
3.客户端与服务端网络通信正常
4.客户端没有安装VNC软件","1.客户端开机
2.登陆服务端界面，点击远程协助
3.勾选设备A（在线状态），点击创建安全链接（设备会自动安装VNC软件）",3.设备创建安全链接成功,1.0,功能测试,系统测试阶段,通过,,
65,管理系统,远程协助,远程ssh连接终端,,远程协助,远程启动VNC,,,TC_65_1_3,,,,,,,,通过,,
65,管理系统,远程协助,远程ssh连接终端,,远程协助,远程启动VNC,,,TC_65_1_4,辅助机安装VNCViewer软件，在远程协助界面，远程地址和远程密码有内容，点击启动远程桌面成功，可以对客户端进行远程控制,"1.服务端可以正常登陆
2.客户端已安装agent,持久化功能开启
3.客户端与服务端网络通信正常
4.登陆服务端的辅助机存在VNCViewer软件
5.辅助机与客户机处于同一个局域网内","1.登陆服务端界面，点击远程协助
2.远程地址和远程密码有内容，点击“启动远程桌面”",2.可以对客户端进行远程控制,1.0,功能测试,系统测试阶段,通过,,
66,管理系统,,配置审计日志列表,可以勾选需要显示的运行日志的列表：设备登陆日志｜安全管控报警日志｜操作系统异常日志 | 硬件异常日志,日志管理,设备日志,,,TC_66_1_1,设备上线会触发设备日志（不同类型处理器和操作系统都需要遍历）,"1.服务端可以正常登陆
2.客户端已安装agent,持久化功能开启
3.客户端与服务端网络通信正常
4.存在多个不同处理器和操作系统的客户端","1.客户端开机
2.登陆服务端界面
3.点击日志管理-设备日志，查看是否存在日志
4.重复1-3步骤，遍历飞腾，龙芯，申威，海光，兆芯，Intel处理器
5.重复1-4步骤，遍历UOS，Kylin，Windows，loognix操作系统",3.存在设备上线日志,1.0,功能测试,系统测试阶段,通过,,
66,管理系统,,配置审计日志列表,可以勾选需要显示的运行日志的列表：设备登陆日志｜安全管控报警日志｜操作系统异常日志 | 硬件异常日志,日志管理,设备日志,,,TC_66_1_2,安装软件会触发设备日志（不同类型操作系统都需要遍历）,"1.服务端可以正常登陆
2.客户端已安装agent,持久化功能开启
3.客户端与服务端网络通信正常
4.存在多个不同处理器和操作系统的客户端","1.登陆服务端界面
2.对指定客户端下发软件
3.查看点击日志管理-设备日志，查看是否存在日志
4.重复1-3步骤，遍历飞腾，龙芯，申威，海光，兆芯，Intel处理器
5.重复1-4步骤，遍历UOS，Kylin，Windows，loognix操作系统",3.存在安装软件日志,1.0,功能测试,系统测试阶段,通过,,
66,管理系统,,配置审计日志列表,可以勾选需要显示的运行日志的列表：设备登陆日志｜安全管控报警日志｜操作系统异常日志 | 硬件异常日志,日志管理,设备日志,,,TC_66_1_3,卸载软件会触发设备日志,"1.服务端可以正常登陆
2.客户端已安装agent,持久化功能开启
3.客户端与服务端网络通信正常
4.存在多个不同处理器和操作系统的客户端","1.登陆服务端界面
2.对指定客户端卸载软件
3.点击日志管理-设备日志，查看是否存在日志
4.重复1-3步骤，遍历飞腾，龙芯，申威，海光，兆芯，Intel处理器
5.重复1-4步骤，遍历UOS，Kylin，Windows，loognix操作系统",3.存在卸载软件日志,1.0,功能测试,系统测试阶段,通过,,
66,管理系统,,配置审计日志列表,可以勾选需要显示的运行日志的列表：设备登陆日志｜安全管控报警日志｜操作系统异常日志 | 硬件异常日志,日志管理,设备日志,,,TC_66_1_4,注销设备会触发设备日志,"1.服务端可以正常登陆
2.客户端已安装agent,持久化功能开启
3.客户端与服务端网络通信正常","1.登陆服务端界面
2.点击设备管理，注销已经激活过的设备
3.点击日志管理-设备日志，查看是否存在日志",3.存在设备注销日志,1.0,功能测试,系统测试阶段,通过,,
66,管理系统,,配置审计日志列表,可以勾选需要显示的运行日志的列表：设备登陆日志｜安全管控报警日志｜操作系统异常日志 | 硬件异常日志,日志管理,设备日志,,,TC_66_1_5,激活设备会触发设备日志,"1.服务端可以正常登陆
2.客户端已安装agent,持久化功能开启
3.客户端与服务端网络通信正常","1.登陆服务端界面
2.点击设备管理，激活未激活的设备或已注销的设备
3.点击日志管理-设备日志，查看是否存在日志",3.存在设备激活日志,1.0,功能测试,系统测试阶段,通过,,
66,管理系统,,配置审计日志列表,可以勾选需要显示的运行日志的列表：设备登陆日志｜安全管控报警日志｜操作系统异常日志 | 硬件异常日志,日志管理,设备日志,,,TC_66_1_6,远程重启会触发设备日志,"1.服务端可以正常登陆
2.客户端已安装agent,持久化功能开启
3.客户端与服务端网络通信正常","1.登陆服务端界面
2.点击远程协助，远程重启指定设备
3.点击日志管理-设备日志，查看是否存在日志",3.存在远程重启日志,1.0,功能测试,系统测试阶段,通过,,
66,管理系统,,配置审计日志列表,可以勾选需要显示的运行日志的列表：设备登陆日志｜安全管控报警日志｜操作系统异常日志 | 硬件异常日志,日志管理,设备日志,,,TC_66_1_7,部署守护策略会触发设备日志,"1.服务端可以正常登陆
2.客户端已安装agent,持久化功能开启
3.客户端与服务端网络通信正常","1.登陆服务端界面
2.在设备详情界面或守护策略界面对指定设备下发守护策略
3.点击日志管理-设备日志，查看是否存在日志",3.存在部署守护策略日志,1.0,功能测试,系统测试阶段,通过,,
66,管理系统,,配置审计日志列表,可以勾选需要显示的运行日志的列表：设备登陆日志｜安全管控报警日志｜操作系统异常日志 | 硬件异常日志,日志管理,设备日志,,,TC_66_1_8,更换内存条会触发设备日志,"1.服务端可以正常登陆
2.客户端与服务端网络通信正常","1.客户端关机
2.客户端更换内存条
3.客户端开机
4.登陆服务端界面
5.点击日志管理-设备日志，查看是否产生硬件变更日志",5.产生硬件变更日志,1.0,功能测试,系统测试阶段,通过,,
66,管理系统,,配置审计日志列表,可以勾选需要显示的运行日志的列表：设备登陆日志｜安全管控报警日志｜操作系统异常日志 | 硬件异常日志,日志管理,设备日志,,,TC_66_1_9,取消守护策略会触发设备日志,"1.服务端可以正常登陆
2.客户端已安装agent,持久化功能开启
3.客户端与服务端网络通信正常
4.守护策略A已下发","1.登陆服务端界面-守护策略
2.选中策略A，点击部署策略
3.选择已部署过策略A的设备，点击取消策略
4.点击日志管理-设备日志，查看是否存在日志",4.存在取消守护策略的日志,2.0,功能测试,系统测试阶段,通过,,
67,管理系统,日志管理,日志显示,,日志管理,,,,TC_67_1_1,在设备日志界面，所有查询条件均不输入，点击查询，可以查询到所有未被分组和已分组的设备设备日志记录,1.服务端可以正常登陆,"1.登陆服务端界面
2.点击日志管理-设备日志
3.所有查询条件均不输入，点击查询",3.可以查询到所有未被分组和已分组的设备总记录,2.0,功能测试,系统测试阶段,通过,,
67,管理系统,日志管理,日志显示,,日志管理,,,,TC_67_1_2,在设备日志界面，“设备分组”选择任意分组，点击查询，可以查询到该分组以及子分组绑定的设备设备日志记录,1.服务端可以正常登陆,"1.登陆服务端界面
2.点击日志管理-设备日志
3.点击“设备分组”选择任意分组，点击查询",3.可以查询到该分组以及子分组绑定的设备设备日志记录,2.0,功能测试,系统测试阶段,通过,,
67,管理系统,日志管理,日志显示,,日志管理,,,,TC_67_1_3,在设备日志界面，“品牌”选择任意枚举，点击查询，查询结果匹配该枚举的设备设备日志记录（注意：要对枚举进行遍历测试）,1.服务端可以正常登陆,"1.登陆服务端界面
2.点击日志管理-设备日志
3.“品牌”选择任意枚举，点击查询",3.查询结果过滤出所有该品牌的所有设备，且不是此品牌设备不能被过滤,2.0,功能测试,系统测试阶段,通过,,
67,管理系统,日志管理,日志显示,,日志管理,,,,TC_67_1_4,在设备日志界面，“操作时间”起始日期框选择今天，起始日期填写正确，点击查询只能过滤今天到结束日期的记录,1.服务端可以正常登陆,"1.登陆服务端界面
2.点击日志管理-设备日志
3.“操作时间”起始日期框选择今天，起始日期填写正确，点击查询",3.只能过滤今天到结束日期的记录,2.0,功能测试,系统测试阶段,通过,,
67,管理系统,日志管理,日志显示,,日志管理,,,,TC_67_1_5,在设备日志界面，“设备分组”、“IP地址”、“品牌”、“型号”和“操作时间”输入存在的组合条件，点击查询，查询结果匹配正确,1.服务端可以正常登陆,"1.登陆服务端界面
2.点击日志管理-设备日志
3.“设备分组”、“IP地址”、“品牌”、“型号”和“操作时间”输入存在的组合条件，点击查询",3.查询结果匹配正确,1.0,功能测试,系统测试阶段,通过,,
67,管理系统,日志管理,日志显示,,日志管理,,,,TC_67_1_6,在设备日志界面，点击重置可以清空查询条件,1.服务端可以正常登陆,"1.登陆服务端界面
2.点击日志管理-设备日志
3.“设备分组”、“IP地址”、“品牌”、“型号”、“采购批次”和“操作时间”输入信息,点击重置",3.重置可以清空查询条件,2.0,功能测试,系统测试阶段,通过,,
67,管理系统,日志管理,日志显示,,日志管理,,,,TC_67_1_7,在设备日志界面，点击表格名称，可以进行排序,1.服务端可以正常登陆,"1.登陆服务端界面
2.点击日志管理-设备日志
3.点击表格标题，任意进行点击",3.可以按照点击的标题类型进行排序,2.0,功能测试,系统测试阶段,通过,,
67,管理系统,日志管理,日志显示,,日志管理,,,,TC_67_1_8,在设备日志界面，日志记录字段显示正确,1.服务端可以正常登陆,"1.登陆服务端界面
2.点击日志管理-设备日志
3.查看日志",3.日志记录字段显示正确，包括：设备分组、IP地址、品牌、型号、设备SN号、处理器、操作系统、操作名称、描述、操作时间,1.0,功能测试,系统测试阶段,通过,,
67,管理系统,日志管理,日志显示,,日志管理,,,,TC_67_1_9,在设备日志界面，点击导出日志,1.服务端运行正常,"1.登录服务器
2.点击日志管理-设备日志
3.点击导出日志
4.在本地查看是否会导出日志文件",4.本地会导出excel文件，且内容一致,1.0,功能测试,系统测试阶段,通过,,
68,管理系统,日志管理,操作日志,终端操作日志,日志管理,操作日志,,,TC_68_1_1,上架软件会触发操作日志,1.服务端可以正常登陆,"1.登陆服务端界面
2.成功上架一款软件
3.点击日志管理-操作日志",3.可以产生操作日志,1.0,功能测试,系统测试阶段,通过,,
68,管理系统,日志管理,操作日志,终端操作日志,日志管理,操作日志,,,TC_68_1_2,创建策略会触发操作日志,1.服务端可以正常登陆,"1.登陆服务端界面
2.创建策略成功
3.点击日志管理-操作日志",3.可以产生操作日志,1.0,功能测试,系统测试阶段,通过,,
68,管理系统,日志管理,操作日志,终端操作日志,日志管理,操作日志,,,TC_68_1_3,生成设备资产台账报表会触发操作日志,1.服务端可以正常登陆,"1.登陆服务端界面
2.资产统计-资产台账数据报表
3.点击设备资产台账-生成报表
4.点击日志管理-操作日志
5.查看是否会触发操作的日志",5.会触发操作的日志,2.0,功能测试,系统测试阶段,通过,,
68,管理系统,日志管理,操作日志,终端操作日志,日志管理,操作日志,,,TC_68_1_4,生成软件资产台账报表会触发操作日志,1.服务端可以正常登陆,"1.登陆服务端界面
2.资产统计-资产台账数据报表
3.点击软件资产台账-生成报表
4.点击日志管理-操作日志
5.查看是否会触发操作的日志",5.会触发操作的日志,2.0,功能测试,系统测试阶段,通过,,
68,管理系统,日志管理,操作日志,终端操作日志,日志管理,操作日志,,,TC_68_1_5,远程协助-远程启动VNC会触发操作日志,1.服务端可以正常登陆,"1.登陆服务端界面
2.进入远程协助，点击启动VNC
3.点击日志管理-操作日志
4.查看是否会触发操作的日志",4.会触发操作的日志,2.0,功能测试,系统测试阶段,通过,,
69,管理系统,日志管理,应用日志,第三方软件应用日志,日志管理,告警日志,,,TC_69_1_1,所有硬件告警都会同步触发告警日志，且数量一致（告警日志状态为发送和处理完成）,1.服务端可以正常登陆,"1.登陆服务端界面
2.点击日志管理-设备日志
3.查看设备告警都会同步触发告警日志（告警日志状态为发送和处理完成）",3.设备告警都会同步触发告警日志（告警日志状态为发送和处理完成）,1.0,功能测试,系统测试阶段,通过,,
69,管理系统,日志管理,应用日志,第三方软件应用日志,日志管理,告警日志,,,TC_69_1_2,所有软件告警都会同步触发告警日志，且数量一致,1.服务端可以正常登陆,"1.登陆服务端界面
2.点击日志管理-设备日志
3.查看软件告警都会同步触发告警日志（告警日志状态为发送和处理完成）",3.软件告警都会同步触发告警日志（告警日志状态为发送和处理完成）,1.0,功能测试,系统测试阶段,通过,,
69,管理系统,日志管理,应用日志,第三方软件应用日志,日志管理,告警日志,,,TC_69_1_3,所有位置告警都会同步触发告警日志，且数量一致,1.服务端可以正常登陆,"1.登陆服务端界面
2.点击日志管理-设备日志
3.查看位置告警都会同步触发告警日志（告警日志状态为发送和处理完成）",3.位置告警都会同步触发告警日志（告警日志状态为发送和处理完成）,1.0,功能测试,系统测试阶段,通过,,
69,管理系统,日志管理,应用日志,第三方软件应用日志,日志管理,告警日志,,,TC_69_1_4,所有任务告警都会同步触发告警日志，且数量一致,1.服务端可以正常登陆,"1.登陆服务端界面
2.点击日志管理-设备日志
3.查看任务告警都会同步触发告警日志（告警日志状态为发送和处理完成）",3.任务告警都会同步触发告警日志（告警日志状态为发送和处理完成）,1.0,功能测试,系统测试阶段,通过,,
70,管理系统,日志管理,日志导出,,日志管理,告警日志,导出日志,,TC_70_1_1,在告警日志界面，点击导出日志,1.服务端运行正常,"1.登录服务器
2.点击日志管理-告警日志
3.点击导出日志
4.在本地查看是否会导出日志文件",4.本地会导出excel文件，且内容一致,1.0,功能测试,系统测试阶段,通过,,
71        ,,系统密钥管理,主密钥管理,平台敏感数据保护，密钥备份保护,,,,,,,,,,,,,不通过,,功能已实现，当前环境不满足验证条件
72        ,,,传输密钥管理,终端和服务之间数据加密,,,,,,,,,,,,,不通过,,功能已实现，当前环境不满足验证条件
73        ,,,密钥异常管理,服务端加密数据、解密数据出现的异常信息,,,,,,,,,,,,,不通过,,功能已实现，当前环境不满足验证条件
74        ,,,密钥备份管理,可备份传输密码，支持加密选项,,,,,,,,,,,,,不通过,,功能已实现，当前环境不满足验证条件
75,OS Agent,设备授权激活/注销,设备授权激活/注销,,设备管理,激活设备,,,TC_75_1_1,管理员在服务端激活设备，客户端自动重启机器后，agent将配置文件通过host_info传给bios，BIOS激活agent守护服务成功，服务器更新激活状态为已激活,"1.客户端与服务端网络通信正常;
2.客户端已安装agent;
3.持久化功能未激活;","1.客户端登录激活地址（例如192.168.60.70:8888）
2.输入激活码，点击确定
3.填写设备名称和设备位置描述，点击保存
4.客户端自动下载server文件，自动重启
5.进入BIOS“安全”界面，查看“守护功能开关”的状态;
6.客户端进入OS后，进入服务端查看客户端激活状态，并查看激活日志;","5.“守护功能开关”显示“已激活”，BIOS激活agent守护服务成功;
6. 服务端显示客户端状态已激活，服务端显示客户端激活成功日志;",1.0,功能测试,系统测试阶段,通过,,
75,OS Agent,设备授权激活/注销,设备授权激活/注销,,设备管理,激活设备,注销设备,,TC_75_1_2,在激活设备界面，勾选任意记录，点击“从设备列表删除”，操作成功，不能在“设备列表”查看到该设备,"1.客户端与服务端网络通信正常;
2.存在一台已安装agent软件但未激活的设备
3.服务端可以正常登陆","1.登陆服务端界面
2.点击设备管理-添加设备
3.勾选任意一台待激活的设备，点击“从设备列表删除”
4.在设备列表根目录查看是否存在该设备",4.被删除的设备不会在添加设备中显示,1.0,功能测试,系统测试阶段,通过,,
75,OS Agent,设备授权激活/注销,设备授权激活/注销,,设备管理,激活设备,,,TC_75_1_3,设备在管理系统中具有全局唯一的标识,"1.服务端可以正常登陆
2.存在激活的设备A","1.登录管理系统数据库
2.查看设备是否具有全局唯一的标识",2.设备在管理系统中具有全局唯一的标识 agent id ,1.0,功能测试,系统测试阶段,通过,,
75,OS Agent,设备授权激活/注销,设备授权激活/注销,,设备管理,注销设备,,,TC_75_1_4,在设备管理界面，勾选任意记录，点击“注销设备”，操作成功，在“设备列表”不能查看到该设备,"1.服务端可以正常登陆
2.服务端上存在被管理的激活设备
3.客户端与服务端网络通信正常","1.登陆服务端界面
2.点击设备管理
3.勾选任意一台设备，点击注销设备",3.在“设备列表”不能查看到该设备,1.0,功能测试,系统测试阶段,通过,,
75,OS Agent,设备授权激活/注销,设备授权激活/注销,,设备管理,注销设备,,,TC_75_1_5,设备被注销后，可以在激活设备界面看到该设备，且可以被再次激活,"1.服务端可以正常登陆
2.服务端上存在被管理的激活设备
3.客户端与服务端网络通信正常","1.登陆服务端界面
2.点击设备管理
3.勾选任意一台设备，点击注销设备
4.点击设备",3.在“设备列表”不能查看到该设备,1.0,功能测试,系统测试阶段,通过,,
76,OS Agent,设备信息上送,设备硬件信息,计算机名|计算机制造商|CPU信息|内存大小|硬盘类型&大小|IP地址|,设备管理,设备详情,,,TC_76_1_1,对设备硬件进行更换、新增或者拔掉（例如：硬盘、内存等设备），在设备详情界面，设备信息一栏显示正确无误，且与实际一致（对设备列表进行抽样查询）,"1.服务端可以正常登陆
2.客户端已安装agent,持久化功能开启
3.客户端与服务端网络通信正常;","1.登陆服务端界面
2.点击设备管理，选择指定的客户端设备，点击查看详情
3.关闭客户机，更换硬盘或内存
4.开启客户端设备，登陆服务端界面
5.点击设备管理，选择指定的客户端设备，点击查看详情",5.设备信息应有变化（更换硬盘则硬盘信息有变化，更换内存则内存大小有变化）,1.0,功能测试,系统测试阶段,通过,,
76,OS Agent,设备信息上送,设备硬件信息,计算机名|计算机制造商|CPU信息|内存大小|硬盘类型&大小|IP地址|,设备管理,设备详情,,,TC_76_1_2,设备未设置守护策略，在设备详情界面，“守护策略”显示内容为“设备未设置守护策略”,"1.服务端可以正常登陆
2.客户端已安装agent,持久化功能开启
3.客户端与服务端网络通信正常;
4.客户端设备未设置守护策略","1.登陆服务端界面
2.点击设备管理，选择指定的客户端设备，点击查看详情
3.观察“守护策略”信息",3，显示设备未设置守护策略信息,2.0,功能测试,系统测试阶段,通过,,
76,OS Agent,设备信息上送,设备硬件信息,计算机名|计算机制造商|CPU信息|内存大小|硬盘类型&大小|IP地址|,设备管理,设备详情,,,TC_76_1_3,设备消除告警，在设备详情界面，告警信息一栏显示正确无误，且与实际一致（硬件告警、软件告警、任务告警和位置告警都要覆盖）,"1.服务端可以正常登陆
2.客户端已安装agent,持久化功能开启
3.客户端与服务端网络通信正常;
4.客户端上存在任何告警","1.登陆服务端界面
2.点击设备管理，选择指定的客户端设备，点击查看详情
3.客户端确认“告警信息”信息
4.点击告警信息，分别选择硬件告警，软件告警，位置告警，任务告警，找到指定的客户机，找到告警去处理
5.客户端确认“告警信息”信息","3.“告警信息”一栏所有告警数量都不为0
4.把指定客户机的所有告警处理完成，告警信息在告警信息中消失
5.“告警信息”一栏所有告警类型显示为0",2.0,功能测试,系统测试阶段,通过,,
77,OS Agent,设备信息上送,操作系统信息,操作系统名称|操作系统版本|安装日期|补丁版本,设备管理,设备详情,,,TC_77_1_1,对设备硬件进行更换、新增或者拔掉（例如：硬盘、内存等设备），在设备详情界面，设备信息一栏显示正确无误，且与实际一致（对设备列表进行抽样查询）,"1.服务端可以正常登陆
2.客户端已安装agent,持久化功能开启
3.客户端与服务端网络通信正常;","1.登陆服务端界面
2.点击设备管理，选择指定的客户端设备，点击查看详情
3.关闭客户机，更换硬盘或内存
4.开启客户端设备，登陆服务端界面
5.点击设备管理，选择指定的客户端设备，点击查看详情",5.设备信息应有变化（更换硬盘则硬盘信息有变化，更换内存则内存大小有变化）,1.0,功能测试,系统测试阶段,通过,,
77,OS Agent,设备信息上送,操作系统信息,操作系统名称|操作系统版本|安装日期|补丁版本,设备管理,设备详情,,,TC_77_1_2,设备未设置守护策略，在设备详情界面，“守护策略”显示内容为“设备未设置守护策略”,"1.服务端可以正常登陆
2.客户端已安装agent,持久化功能开启
3.客户端与服务端网络通信正常;
4.客户端设备未设置守护策略","1.登陆服务端界面
2.点击设备管理，选择指定的客户端设备，点击查看详情
3.观察“守护策略”信息",3，显示设备未设置守护策略信息,2.0,功能测试,系统测试阶段,通过,,
77,OS Agent,设备信息上送,操作系统信息,操作系统名称|操作系统版本|安装日期|补丁版本,设备管理,设备详情,,,TC_77_1_3,设备消除告警，在设备详情界面，告警信息一栏显示正确无误，且与实际一致（硬件告警、软件告警、任务告警和位置告警都要覆盖）,"1.服务端可以正常登陆
2.客户端已安装agent,持久化功能开启
3.客户端与服务端网络通信正常;
4.客户端上存在任何告警","1.登陆服务端界面
2.点击设备管理，选择指定的客户端设备，点击查看详情
3.客户端确认“告警信息”信息
4.点击告警信息，分别选择硬件告警，软件告警，位置告警，任务告警，找到指定的客户机，找到告警去处理
5.客户端确认“告警信息”信息","3.“告警信息”一栏所有告警数量都不为0
4.把指定客户机的所有告警处理完成，告警信息在告警信息中消失
5.“告警信息”一栏所有告警类型显示为0",2.0,功能测试,系统测试阶段,通过,,
78,OS Agent,设备信息上送,持久化守护软件信息,软件名称|软件版本|补丁版本|安装日期|授权到期时间|软件启动&关闭时间,设备管理,设备详情,,,TC_78_1_1,对设备硬件进行更换、新增或者拔掉（例如：硬盘、内存等设备），在设备详情界面，设备信息一栏显示正确无误，且与实际一致（对设备列表进行抽样查询）,"1.服务端可以正常登陆
2.客户端已安装agent,持久化功能开启
3.客户端与服务端网络通信正常;","1.登陆服务端界面
2.点击设备管理，选择指定的客户端设备，点击查看详情
3.关闭客户机，更换硬盘或内存
4.开启客户端设备，登陆服务端界面
5.点击设备管理，选择指定的客户端设备，点击查看详情",5.设备信息应有变化（更换硬盘则硬盘信息有变化，更换内存则内存大小有变化）,1.0,功能测试,系统测试阶段,通过,,
78,OS Agent,设备信息上送,持久化守护软件信息,软件名称|软件版本|补丁版本|安装日期|授权到期时间|软件启动&关闭时间,设备管理,设备详情,,,TC_78_1_2,设备未设置守护策略，在设备详情界面，“守护策略”显示内容为“设备未设置守护策略”,"1.服务端可以正常登陆
2.客户端已安装agent,持久化功能开启
3.客户端与服务端网络通信正常;
4.客户端设备未设置守护策略","1.登陆服务端界面
2.点击设备管理，选择指定的客户端设备，点击查看详情
3.观察“守护策略”信息",3，显示设备未设置守护策略信息,2.0,功能测试,系统测试阶段,通过,,
78,OS Agent,设备信息上送,持久化守护软件信息,软件名称|软件版本|补丁版本|安装日期|授权到期时间|软件启动&关闭时间,设备管理,设备详情,,,TC_78_1_3,设备消除告警，在设备详情界面，告警信息一栏显示正确无误，且与实际一致（硬件告警、软件告警、任务告警和位置告警都要覆盖）,"1.服务端可以正常登陆
2.客户端已安装agent,持久化功能开启
3.客户端与服务端网络通信正常;
4.客户端上存在任何告警","1.登陆服务端界面
2.点击设备管理，选择指定的客户端设备，点击查看详情
3.客户端确认“告警信息”信息
4.点击告警信息，分别选择硬件告警，软件告警，位置告警，任务告警，找到指定的客户机，找到告警去处理
5.客户端确认“告警信息”信息","3.“告警信息”一栏所有告警数量都不为0
4.把指定客户机的所有告警处理完成，告警信息在告警信息中消失
5.“告警信息”一栏所有告警类型显示为0",2.0,功能测试,系统测试阶段,通过,,
79,OS Agent,设备信息上送,设备位置信息,IP地址的位置信息,设备管理,设备详情,,,TC_79_1_1,对设备硬件进行更换、新增或者拔掉（例如：硬盘、内存等设备），在设备详情界面，设备信息一栏显示正确无误，且与实际一致（对设备列表进行抽样查询）,"1.服务端可以正常登陆
2.客户端已安装agent,持久化功能开启
3.客户端与服务端网络通信正常;","1.登陆服务端界面
2.点击设备管理，选择指定的客户端设备，点击查看详情
3.关闭客户机，更换硬盘或内存
4.开启客户端设备，登陆服务端界面
5.点击设备管理，选择指定的客户端设备，点击查看详情",5.设备信息应有变化（更换硬盘则硬盘信息有变化，更换内存则内存大小有变化）,1.0,功能测试,系统测试阶段,通过,,
79,OS Agent,设备信息上送,设备位置信息,IP地址的位置信息,设备管理,设备详情,,,TC_79_1_2,设备未设置守护策略，在设备详情界面，“守护策略”显示内容为“设备未设置守护策略”,"1.服务端可以正常登陆
2.客户端已安装agent,持久化功能开启
3.客户端与服务端网络通信正常;
4.客户端设备未设置守护策略","1.登陆服务端界面
2.点击设备管理，选择指定的客户端设备，点击查看详情
3.观察“守护策略”信息",3，显示设备未设置守护策略信息,2.0,功能测试,系统测试阶段,通过,,
79,OS Agent,设备信息上送,设备位置信息,IP地址的位置信息,设备管理,设备详情,,,TC_79_1_3,设备消除告警，在设备详情界面，告警信息一栏显示正确无误，且与实际一致（硬件告警、软件告警、任务告警和位置告警都要覆盖）,"1.服务端可以正常登陆
2.客户端已安装agent,持久化功能开启
3.客户端与服务端网络通信正常;
4.客户端上存在任何告警","1.登陆服务端界面
2.点击设备管理，选择指定的客户端设备，点击查看详情
3.客户端确认“告警信息”信息
4.点击告警信息，分别选择硬件告警，软件告警，位置告警，任务告警，找到指定的客户机，找到告警去处理
5.客户端确认“告警信息”信息","3.“告警信息”一栏所有告警数量都不为0
4.把指定客户机的所有告警处理完成，告警信息在告警信息中消失
5.“告警信息”一栏所有告警类型显示为0",2.0,功能测试,系统测试阶段,通过,,
80        ,OS Agent,设备安全管控策略执行,违规外联处理,安全策略解析（定义报文格式）,,,,,,,,,,,,,不通过,,功能已实现，当前环境不满足验证条件
81        ,OS Agent,设备安全管控策略执行,远程操作策略响应,响应远程开机|关机|重启|时间同步|数据传送|数据删除|软件安装|软件卸载|屏幕锁定|屏幕解锁|USB端口锁定|USB端口解锁|IP地址锁定|IP地址解锁,,,,,,,,,,,,,不通过,,功能已实现，当前环境不满足验证条件
82,OS Agent,软件持久化守护,防关闭,,软件管理,守护策略,创建策略,,TC_82_1_1,,1.服务端可以正常登陆,"1.登陆服务端界面
2.点击软件管理-守护策略-创建策略
3.使用鼠标拖动弹窗",3.拖动过程无明显卡顿，且内容显示正常,2.0,功能测试,系统测试阶段,通过,,
82,OS Agent,软件持久化守护,防关闭,,软件管理,守护策略,创建策略,,TC_82_1_2,打开创建策略界面，“软件名称”选择任意枚举值，其他参数填写正确，点击提交添加成功，策略配置信息显示正确。,1.服务端可以正常登陆,"1.登陆服务端界面
2.点击软件管理-守护策略-创建策略
3.“软件名称”选择任意枚举值，其他参数填写正确，点击提交（遍历所有已存在软件）",3.策略配置信息显示正确。,1.0,功能测试,系统测试阶段,通过,,
82,OS Agent,软件持久化守护,防关闭,,软件管理,守护策略,创建策略,,TC_82_1_3,打开创建策略界面，“备注”输入任意字符（数字、字母、特殊字符等），其他参数填写正确，点击提交添加成功,1.服务端可以正常登陆,"1.登陆服务端界面
2.点击软件管理-守护策略-创建策略
3.“备注”输入任意字符（数字、字母、特殊字符等），其他参数填写正确，点击提交",3.策略创建成功，配置信息显示正确。,2.0,功能测试,系统测试阶段,通过,,
82,OS Agent,软件持久化守护,防关闭,,软件管理,守护策略,创建策略,,TC_82_1_4,打开创建策略界面，“防止关闭”设置为ON，“目录或文件路径”可以编辑，但不输入，其他参数填写正确，点击提交添加成功,1.服务端可以正常登陆,"1.登陆服务端界面
2.点击软件管理-守护策略-创建策略
3.“防止关闭”设置为ON，“目录或文件路径”可以编辑，但不输入，其他参数填写正确，点击提交",3.策略创建成功，配置信息显示正确。,1.0,功能测试,系统测试阶段,通过,,
82,OS Agent,软件持久化守护,防关闭,,软件管理,守护策略,创建策略,,TC_82_1_5,打开编辑策略界面，“策略名称”长度为最大长度（254个字节），其他参数填写正确，点击提交修改成功,1.服务端可以正常登陆,"1.登陆服务端界面
2.点击软件管理-守护策略
3.选择已经创建好的任意策略，点击编辑
4.“策略名称”输入等于254字节信息，其他参数填写正确，点击提交",4.策略修改成功，配置信息显示正确。,2.0,功能测试,系统测试阶段,通过,,
82,OS Agent,软件持久化守护,防关闭,,软件管理,守护策略,创建策略,,TC_82_1_6,打开编辑策略界面，“防止关闭”可以修改为ON或者OFF，其他参数填写正确，点击提交修改成功,1.服务端可以正常登陆,"1.登陆服务端界面
2.点击软件管理-守护策略
3.选择已经创建好的任意策略，点击编辑
4.“防止关闭”可以修改为ON或者OFF，点击提交",4.“目录或文件路径”不能编辑,1.0,功能测试,系统测试阶段,通过,,
83,OS Agent,软件持久化守护,防删除,,软件管理,守护策略,创建策略,,TC_83_1_1,打开创建策略界面，“软件名称”选择任意枚举值，其他参数填写正确，点击提交添加成功，策略配置信息显示正确。,1.服务端可以正常登陆,"1.登陆服务端界面
2.点击软件管理-守护策略-创建策略
3.“软件名称”选择任意枚举值，其他参数填写正确，点击提交（遍历所有已存在软件）",3.策略配置信息显示正确。,1.0,功能测试,系统测试阶段,通过,,
83,OS Agent,软件持久化守护,防删除,,软件管理,守护策略,创建策略,,TC_83_1_2,打开创建策略界面，“防止删除”设置为ON，点击+符号可以生成多个“目录或文件路径”和“排除目录和文件路径”，输入合法路径，多个路径使用|分割，其他参数填写正确，点击提交添加成功，策略配置信息显示正确。,1.服务端可以正常登陆,"1.登陆服务端界面
2.点击软件管理-守护策略-创建策略
3.“点击+符号可以生成多个“目录或文件路径”和“排除目录和文件路径”，输入合法路径，多个路径使用|分割，其他参数填写正确，点击提交",3.策略创建成功，配置信息显示正确。,2.0,功能测试,系统测试阶段,通过,,
83,OS Agent,软件持久化守护,防删除,,软件管理,守护策略,创建策略,,TC_83_1_3,打开编辑策略界面，“策略名称”长度为最大长度（254个字节），其他参数填写正确，点击提交修改成功,1.服务端可以正常登陆,"1.登陆服务端界面
2.点击软件管理-守护策略
3.选择已经创建好的任意策略，点击编辑
4.“策略名称”输入等于254字节信息，其他参数填写正确，点击提交",4.策略修改成功，配置信息显示正确。,2.0,功能测试,系统测试阶段,通过,,
83,OS Agent,软件持久化守护,防删除,,软件管理,守护策略,创建策略,,TC_83_1_4,打开编辑策略界面，“防止删除”设置为ON，“目录或文件路径”和“排除目录和文件路径”可以编辑，输入为空，其他参数填写正确，点击提交修改成功,1.服务端可以正常登陆,"1.登陆服务端界面
2.点击软件管理-守护策略
3.选择已经创建好的任意策略，点击编辑
4.“防止删除”设置为ON，“目录或文件路径”和“排除目录和文件路径”可以编辑，但不输入，其他参数填写正确，点击提交",4.策略修改成功，配置信息显示正确。,2.0,功能测试,系统测试阶段,通过,,
84,OS Agent,软件持久化守护,可恢复,恢复策略,软件管理,守护策略,创建策略,,TC_84_1_1,打开创建策略界面，“软件名称”选择任意枚举值，其他参数填写正确，点击提交添加成功，策略配置信息显示正确。,1.服务端可以正常登陆,"1.登陆服务端界面
2.点击软件管理-守护策略-创建策略
3.“软件名称”选择任意枚举值，其他参数填写正确，点击提交（遍历所有已存在软件）",3.策略配置信息显示正确。,1.0,功能测试,系统测试阶段,通过,,
84,OS Agent,软件持久化守护,可恢复,恢复策略,软件管理,守护策略,创建策略,,TC_84_1_2,打开创建策略界面，“防止关闭”设置为ON，“目录或文件路径”可以编辑，但不输入，其他参数填写正确，点击提交添加成功,1.服务端可以正常登陆,"1.登陆服务端界面
2.点击软件管理-守护策略-创建策略
3.“防止关闭”设置为ON，“目录或文件路径”可以编辑，但不输入，其他参数填写正确，点击提交",3.策略创建成功，配置信息显示正确。,1.0,功能测试,系统测试阶段,通过,,
84,OS Agent,软件持久化守护,可恢复,恢复策略,软件管理,守护策略,创建策略,,TC_84_1_3,打开编辑策略界面，“策略名称”长度为最大长度（254个字节），其他参数填写正确，点击提交修改成功,1.服务端可以正常登陆,"1.登陆服务端界面
2.点击软件管理-守护策略
3.选择已经创建好的任意策略，点击编辑
4.“策略名称”输入等于254字节信息，其他参数填写正确，点击提交",4.策略修改成功，配置信息显示正确。,2.0,功能测试,系统测试阶段,通过,,
84,OS Agent,软件持久化守护,可恢复,恢复策略,软件管理,守护策略,创建策略,,TC_84_1_4,打开编辑策略界面，“防止关闭”可以修改为ON或者OFF，其他参数填写正确，点击提交修改成功,1.服务端可以正常登陆,"1.登陆服务端界面
2.点击软件管理-守护策略
3.选择已经创建好的任意策略，点击编辑
4.“防止关闭”可以修改为ON或者OFF，点击提交",4.“目录或文件路径”不能编辑,1.0,功能测试,系统测试阶段,通过,,
85,OS Agent,守护策略设置,,接受服务端下发的安全守护策略并设置。,软件管理,守护策略,部署策略,,TC_85_1_1,在守护策略页面，勾选多个策略，点击部署策略，操作成功,"1.服务端可以正常登陆
2.客户端已安装agent,持久化功能开启
3.客户端与服务端网络通信正常","1.登陆服务端界面
2.点击软件管理-守护策略
3.勾选多个策略，点击部署策略",3.操作成功,2.0,功能测试,系统测试阶段,通过,,
85,OS Agent,守护策略设置,,接受服务端下发的安全守护策略并设置。,软件管理,守护策略,部署策略,,TC_85_1_2,在部署策略界面，勾选任意一个在线设备，点击部署策略，会提示“创建部署策略成功”，且客户端守护策略生效,"1.服务端可以正常登陆
2.客户端已安装agent,持久化功能开启
3.客户端与服务端网络通信正常","1.登陆服务端界面
2.点击软件管理-守护策略
3.勾选指定策略，点击策略部署
4.勾选指定的设备，点击部署策略",4.策略部署成功，且守护策略在客户端生效,1.0,功能测试,系统测试阶段,通过,,
86,OS Agent,软件下载,,根据守护策略，如果本机没有策略中需要守护的软件，再根据守护策略从服务器下载相应软件。,软件管理,守护策略,部署策略,,TC_86_1_1,在部署策略界面，勾选多个在线设备，点击部署策略，会提示“创建部署策略成功”，且客户端守护策略生效,"1.服务端可以正常登陆
2.客户端已安装agent,持久化功能开启
3.客户端与服务端网络通信正常","1.登陆服务端界面
2.点击软件管理-守护策略
3.勾选指定策略，点击策略部署
4.勾选多个指定的设备，点击部署策略",4.策略部署成功，且守护策略在所有客户端生效,1.0,功能测试,系统测试阶段,通过,,
86,OS Agent,软件下载,,根据守护策略，如果本机没有策略中需要守护的软件，再根据守护策略从服务器下载相应软件。,软件管理,守护策略,部署策略,,TC_86_1_2,在策略部署界面，勾选一个在线已部署策略的设备，点击取消部署，取消部署成功,"1.服务端可以正常登陆
2.守护策略已经部署","1.登陆服务端界面
2.点击守护策略，在策略列表中，勾选1个已部署的策略，点击“部署策略”
3.弹出部署策略窗口后，勾选一个在线设备，点击取消部署",3.取消部署成功,1.0,功能测试,系统测试阶段,通过,,
87,OS Agent,软件安装,,安全守护代理将已下载软件安装至本机。,软件管理,守护策略,创建策略,,TC_87_1_1,打开创建策略界面，“软件名称”选择任意枚举值，其他参数填写正确，点击提交添加成功，策略配置信息显示正确。,1.服务端可以正常登陆,"1.登陆服务端界面
2.点击软件管理-守护策略-创建策略
3.“软件名称”选择任意枚举值，其他参数填写正确，点击提交（遍历所有已存在软件）",3.策略配置信息显示正确。,1.0,功能测试,系统测试阶段,通过,,
87,OS Agent,软件安装,,安全守护代理将已下载软件安装至本机。,软件管理,守护策略,创建策略,,TC_87_1_2,打开创建策略界面，“备注”输入任意字符（数字、字母、特殊字符等），其他参数填写正确，点击提交添加成功,1.服务端可以正常登陆,"1.登陆服务端界面
2.点击软件管理-守护策略-创建策略
3.“备注”输入任意字符（数字、字母、特殊字符等），其他参数填写正确，点击提交",3.策略创建成功，配置信息显示正确。,2.0,功能测试,系统测试阶段,通过,,
88,OS Agent,软件启动,,被保护程序可在客户端自动启动。,软件管理,守护策略,创建策略,,TC_88_1_1,打开创建策略界面，“备注”输入任意字符（数字、字母、特殊字符等），其他参数填写正确，点击提交添加成功,1.服务端可以正常登陆,"1.登陆服务端界面
2.点击软件管理-守护策略-创建策略
3.“备注”输入任意字符（数字、字母、特殊字符等），其他参数填写正确，点击提交",3.策略创建成功，配置信息显示正确。,2.0,功能测试,系统测试阶段,通过,,
88,OS Agent,软件启动,,被保护程序可在客户端自动启动。,软件管理,守护策略,创建策略,,TC_88_1_2,打开编辑策略界面，“策略名称”长度为最大长度（254个字节），其他参数填写正确，点击提交修改成功,1.服务端可以正常登陆,"1.登陆服务端界面
2.点击软件管理-守护策略
3.选择已经创建好的任意策略，点击编辑
4.“策略名称”输入等于254字节信息，其他参数填写正确，点击提交",4.策略修改成功，配置信息显示正确。,2.0,功能测试,系统测试阶段,通过,,
89        ,OS Agent,服务器通信,,安全守护代理与服务器完成通信功能。,软件管理,守护策略,部署策略,,TC_89_1_1,在部署策略界面，勾选多个在线设备，点击部署策略，会提示“创建部署策略成功”，且客户端守护策略生效,,,,,,,通过,,
90,OS Agent,日志记录,,将守护过程中的操作行为进行记录。,日志管理,告警日志,,,TC_90_1_1,所有硬件告警都会同步触发告警日志，且数量一致（告警日志状态为发送和处理完成）,1.服务端可以正常登陆,"1.登陆服务端界面
2.点击日志管理-设备日志
3.查看设备告警都会同步触发告警日志（告警日志状态为发送和处理完成）",3.设备告警都会同步触发告警日志（告警日志状态为发送和处理完成）,1.0,功能测试,系统测试阶段,通过,,
90,OS Agent,日志记录,,将守护过程中的操作行为进行记录。,日志管理,告警日志,,,TC_90_1_2,所有软件告警都会同步触发告警日志，且数量一致,1.服务端可以正常登陆,"1.登陆服务端界面
2.点击日志管理-设备日志
3.查看软件告警都会同步触发告警日志（告警日志状态为发送和处理完成）",3.软件告警都会同步触发告警日志（告警日志状态为发送和处理完成）,1.0,功能测试,系统测试阶段,通过,,
91,,远程协助,,,远程协助,,,,TC_91_1_1,在远程协助界面，勾选设备列表任意一个在线设备，点击远程关机，操作成功,"1.服务端可以正常登陆
2.客户端已安装agent,持久化功能开启
3.客户端与服务端网络通信正常","1.客户端开机
2.登陆服务端界面，点击远程协助
3.勾选设备A（在线状态），点击远程关机",3.设备远程关机成功,1.0,功能测试,系统测试阶段,通过,,
91,,远程协助,,,远程协助,,,,TC_91_1_2,在远程协助界面，勾选设备列表任意一个在线设备，点击远程重启，操作成功,"1.服务端可以正常登陆
2.客户端已安装agent,持久化功能开启
3.客户端与服务端网络通信正常","1.客户端开机
2.登陆服务端界面，点击远程协助
3.勾选设备A（在线状态），点击远程重启",3.设备远程重启成功,1.0,功能测试,系统测试阶段,通过,,
92        ,bios,守护开关,,,,,,,,,,,,,,,通过,,
93        ,,客户端代理检测,,,,,,,,,,,,,,,通过,,
94        ,,客户端代理恢复,,,,,,,,,,,,,,,通过,,
